family,dataset,seed,method,model_id,mrr,hits_at_1,hits_at_5,hits_at_10,hits_at_100,hits_at_100_e2e,ndcg
roberta_oof,abt_buy,20260725,hef_gbdt_with_e5_plus_tuned_roberta,FacebookAI/roberta-base,0.9325757575757576,0.8766233766233766,1.0,1.0,1.0,1.0,0.9488371249816635
roberta_oof,abt_buy,20260726,hef_gbdt_with_e5_plus_tuned_roberta,FacebookAI/roberta-base,0.9677489177489177,0.9415584415584416,1.0,1.0,1.0,1.0,0.975198548036187
roberta_oof,abt_buy,20260727,hef_gbdt_with_e5_plus_tuned_roberta,FacebookAI/roberta-base,0.9774891774891775,0.961038961038961,1.0,1.0,1.0,1.0,0.9823882281614182
roberta_oof,amazon_google,20260725,hef_gbdt_with_e5_plus_tuned_roberta,FacebookAI/roberta-base,0.934307710814387,0.8895705521472392,0.9938650306748467,0.9938650306748467,1.0,1.0,0.9515029058712756
roberta_oof,amazon_google,20260726,hef_gbdt_with_e5_plus_tuned_roberta,FacebookAI/roberta-base,0.9235685071574642,0.8650306748466258,0.9877300613496932,1.0,1.0,1.0,0.9424490380054803
roberta_oof,amazon_google,20260727,hef_gbdt_with_e5_plus_tuned_roberta,FacebookAI/roberta-base,0.9254163014899212,0.8773006134969326,0.9877300613496932,1.0,1.0,1.0,0.9433898250880338
roberta_oof,link_lives_release2,20260725,hef_gbdt_with_e5_plus_tuned_roberta,FacebookAI/roberta-base,0.9378067543354864,0.8863210493441599,0.9968769519050593,0.9984384759525297,1.0,0.9852307692307692,0.9537025173997599
roberta_oof,link_lives_release2,20260726,hef_gbdt_with_e5_plus_tuned_roberta,FacebookAI/roberta-base,0.951434858279765,0.910368519675203,0.9975015615240475,0.9993753903810119,1.0,0.9852307692307692,0.9638827139145145
roberta_oof,link_lives_release2,20260727,hef_gbdt_with_e5_plus_tuned_roberta,FacebookAI/roberta-base,0.9415157193420779,0.8916302311055591,0.9981261711430356,0.9990630855715178,1.0,0.9852307692307692,0.9565332008278707
roberta_oof,walmart_amazon,20260725,hef_gbdt_with_e5_plus_tuned_roberta,FacebookAI/roberta-base,0.9742366412213741,0.9541984732824428,0.9923664122137404,1.0,1.0,1.0,0.9779121475376
roberta_oof,walmart_amazon,20260726,hef_gbdt_with_e5_plus_tuned_roberta,FacebookAI/roberta-base,0.9591057797164667,0.9312977099236641,0.9923664122137404,1.0,1.0,1.0,0.9674371577324977
roberta_oof,walmart_amazon,20260727,hef_gbdt_with_e5_plus_tuned_roberta,FacebookAI/roberta-base,0.9662849872773537,0.9465648854961832,0.9923664122137404,0.9923664122137404,1.0,1.0,0.9717150638256171
roberta_oof,wdc_80_medium_seen,20260725,hef_gbdt_with_e5_plus_tuned_roberta,FacebookAI/roberta-base,0.8379244177268798,0.7635270541082164,0.9418837675350702,0.9799599198396793,1.0,0.998,0.8762954270808239
roberta_oof,wdc_80_medium_seen,20260726,hef_gbdt_with_e5_plus_tuned_roberta,FacebookAI/roberta-base,0.8485831957544906,0.7855711422845691,0.9338677354709419,0.9799599198396793,1.0,0.998,0.8841036038393509
roberta_oof,wdc_80_medium_seen,20260727,hef_gbdt_with_e5_plus_tuned_roberta,FacebookAI/roberta-base,0.8334560633045085,0.7695390781563126,0.9158316633266533,0.9799599198396793,1.0,0.998,0.872166926543228
roberta_oof,wdc_80_medium_unseen,20260725,hef_gbdt_with_e5_plus_tuned_roberta,FacebookAI/roberta-base,0.8638602308393236,0.7951807228915663,0.9477911646586346,0.9939759036144579,1.0,0.996,0.8966325852159611
roberta_oof,wdc_80_medium_unseen,20260726,hef_gbdt_with_e5_plus_tuned_roberta,FacebookAI/roberta-base,0.8658841214564106,0.7971887550200804,0.9497991967871486,0.9899598393574297,1.0,0.996,0.8981051208083585
roberta_oof,wdc_80_medium_unseen,20260727,hef_gbdt_with_e5_plus_tuned_roberta,FacebookAI/roberta-base,0.8494142738118642,0.7610441767068273,0.9738955823293173,0.9959839357429718,1.0,0.996,0.8864903075939954
jina_oof,abt_buy,20260725,hef_gbdt_e5_plus_tuned_jina,jinaai/jina-reranker-v2-base-multilingual,0.9652597402597403,0.948051948051948,0.9935064935064936,1.0,1.0,1.0,
jina_oof,abt_buy,20260725,jina_finetuned,jinaai/jina-reranker-v2-base-multilingual,0.9618506493506493,0.935064935064935,0.987012987012987,1.0,1.0,1.0,
jina_oof,abt_buy,20260726,hef_gbdt_e5_plus_tuned_jina,jinaai/jina-reranker-v2-base-multilingual,0.9529329004329005,0.9285714285714286,0.987012987012987,0.9935064935064936,1.0,1.0,
jina_oof,abt_buy,20260726,jina_finetuned,jinaai/jina-reranker-v2-base-multilingual,0.963618982028073,0.948051948051948,0.9805194805194806,0.9805194805194806,1.0,1.0,
jina_oof,abt_buy,20260727,hef_gbdt_e5_plus_tuned_jina,jinaai/jina-reranker-v2-base-multilingual,0.95926097711812,0.935064935064935,0.987012987012987,1.0,1.0,1.0,
jina_oof,abt_buy,20260727,jina_finetuned,jinaai/jina-reranker-v2-base-multilingual,0.9653679653679655,0.9415584415584416,0.9935064935064936,1.0,1.0,1.0,
jina_oof,amazon_google,20260725,hef_gbdt_e5_plus_tuned_jina,jinaai/jina-reranker-v2-base-multilingual,0.9141104294478528,0.8466257668711656,1.0,1.0,1.0,1.0,
jina_oof,amazon_google,20260725,jina_finetuned,jinaai/jina-reranker-v2-base-multilingual,0.9242331288343557,0.8711656441717791,1.0,1.0,1.0,1.0,
jina_oof,amazon_google,20260726,hef_gbdt_e5_plus_tuned_jina,jinaai/jina-reranker-v2-base-multilingual,0.8951942740286298,0.8159509202453987,1.0,1.0,1.0,1.0,
jina_oof,amazon_google,20260726,jina_finetuned,jinaai/jina-reranker-v2-base-multilingual,0.9214723926380367,0.8650306748466258,1.0,1.0,1.0,1.0,
jina_oof,amazon_google,20260727,hef_gbdt_e5_plus_tuned_jina,jinaai/jina-reranker-v2-base-multilingual,0.906441717791411,0.8343558282208589,1.0,1.0,1.0,1.0,
jina_oof,amazon_google,20260727,jina_finetuned,jinaai/jina-reranker-v2-base-multilingual,0.915848670756646,0.852760736196319,1.0,1.0,1.0,1.0,
jina_oof,link_lives_release2,20260725,hef_gbdt_e5_plus_tuned_jina,jinaai/jina-reranker-v2-base-multilingual,0.9381264729502046,0.8831980012492192,0.9987507807620237,0.9990630855715178,1.0,0.9852307692307692,
jina_oof,link_lives_release2,20260725,jina_finetuned,jinaai/jina-reranker-v2-base-multilingual,0.9533095015020374,0.9116177389131792,0.9984384759525297,0.9996876951905059,1.0,0.9852307692307692,
jina_oof,link_lives_release2,20260726,hef_gbdt_e5_plus_tuned_jina,jinaai/jina-reranker-v2-base-multilingual,0.9520751279362328,0.9113054341036851,0.9962523422860712,0.9993753903810119,1.0,0.9852307692307692,
jina_oof,link_lives_release2,20260726,jina_finetuned,jinaai/jina-reranker-v2-base-multilingual,0.9534669717437798,0.9141161773891318,0.9965646470955652,0.9993753903810119,1.0,0.9852307692307692,
jina_oof,link_lives_release2,20260727,hef_gbdt_e5_plus_tuned_jina,jinaai/jina-reranker-v2-base-multilingual,0.9069732108958511,0.8288569643972518,0.9965646470955652,0.9990630855715178,1.0,0.9852307692307692,
jina_oof,link_lives_release2,20260727,jina_finetuned,jinaai/jina-reranker-v2-base-multilingual,0.9253162437188045,0.8663335415365396,0.9962523422860712,0.9978138663335415,1.0,0.9852307692307692,
jina_oof,walmart_amazon,20260725,hef_gbdt_e5_plus_tuned_jina,jinaai/jina-reranker-v2-base-multilingual,0.9681933842239185,0.9465648854961832,1.0,1.0,1.0,1.0,
jina_oof,walmart_amazon,20260725,jina_finetuned,jinaai/jina-reranker-v2-base-multilingual,0.9491094147582698,0.916030534351145,1.0,1.0,1.0,1.0,
jina_oof,walmart_amazon,20260726,hef_gbdt_e5_plus_tuned_jina,jinaai/jina-reranker-v2-base-multilingual,0.9573302016050107,0.9312977099236641,0.9923664122137404,0.9923664122137404,1.0,1.0,
jina_oof,walmart_amazon,20260726,jina_finetuned,jinaai/jina-reranker-v2-base-multilingual,0.9624681933842238,0.9389312977099237,1.0,1.0,1.0,1.0,
jina_oof,walmart_amazon,20260727,hef_gbdt_e5_plus_tuned_jina,jinaai/jina-reranker-v2-base-multilingual,0.959796437659033,0.9312977099236641,0.9923664122137404,0.9923664122137404,1.0,1.0,
jina_oof,walmart_amazon,20260727,jina_finetuned,jinaai/jina-reranker-v2-base-multilingual,0.9571973827699018,0.9312977099236641,0.9923664122137404,1.0,1.0,1.0,
jina_oof,wdc_80_medium_seen,20260725,hef_gbdt_e5_plus_tuned_jina,jinaai/jina-reranker-v2-base-multilingual,0.8693713474775598,0.8036072144288577,0.9579158316633266,0.9859719438877755,1.0,0.998,
jina_oof,wdc_80_medium_seen,20260725,jina_finetuned,jinaai/jina-reranker-v2-base-multilingual,0.861846427117247,0.7875751503006012,0.9539078156312625,0.9719438877755511,1.0,0.998,
jina_oof,wdc_80_medium_seen,20260726,hef_gbdt_e5_plus_tuned_jina,jinaai/jina-reranker-v2-base-multilingual,0.8388203959661549,0.7695390781563126,0.9238476953907816,0.9759519038076152,1.0,0.998,
jina_oof,wdc_80_medium_seen,20260726,jina_finetuned,jinaai/jina-reranker-v2-base-multilingual,0.8464667880097351,0.7775551102204409,0.9298597194388778,0.9519038076152304,1.0,0.998,
jina_oof,wdc_80_medium_seen,20260727,hef_gbdt_e5_plus_tuned_jina,jinaai/jina-reranker-v2-base-multilingual,0.857502535599043,0.7935871743486974,0.9378757515030061,0.9819639278557114,1.0,0.998,
jina_oof,wdc_80_medium_seen,20260727,jina_finetuned,jinaai/jina-reranker-v2-base-multilingual,0.8854390691715509,0.8336673346693386,0.9579158316633266,0.9799599198396793,1.0,0.998,
jina_oof,wdc_80_medium_unseen,20260725,hef_gbdt_e5_plus_tuned_jina,jinaai/jina-reranker-v2-base-multilingual,0.8776182875580466,0.8072289156626506,0.9738955823293173,0.9959839357429718,1.0,0.996,
jina_oof,wdc_80_medium_unseen,20260725,jina_finetuned,jinaai/jina-reranker-v2-base-multilingual,0.8833220581263528,0.8232931726907631,0.9598393574297188,0.9819277108433735,1.0,0.996,
jina_oof,wdc_80_medium_unseen,20260726,hef_gbdt_e5_plus_tuned_jina,jinaai/jina-reranker-v2-base-multilingual,0.8794337523253186,0.821285140562249,0.9578313253012049,0.9879518072289156,1.0,0.996,
jina_oof,wdc_80_medium_unseen,20260726,jina_finetuned,jinaai/jina-reranker-v2-base-multilingual,0.8624342608956773,0.7991967871485943,0.9397590361445783,0.963855421686747,1.0,0.996,
jina_oof,wdc_80_medium_unseen,20260727,hef_gbdt_e5_plus_tuned_jina,jinaai/jina-reranker-v2-base-multilingual,0.8781286846798895,0.8152610441767069,0.9538152610441767,0.9859437751004017,1.0,0.996,
jina_oof,wdc_80_medium_unseen,20260727,jina_finetuned,jinaai/jina-reranker-v2-base-multilingual,0.8825545409139375,0.8172690763052208,0.963855421686747,0.9919678714859438,1.0,0.996,
propagated,abt_buy,20260725,hef_gbdt_mixda,intfloat/e5-base-v2,0.9461038961038962,0.9090909090909091,1.0,1.0,1.0,1.0,0.9591906801370207
propagated,abt_buy,20260726,hef_gbdt_mixda,intfloat/e5-base-v2,0.9461038961038962,0.9090909090909091,1.0,1.0,1.0,1.0,0.9591906801370207
propagated,abt_buy,20260727,hef_gbdt_mixda,intfloat/e5-base-v2,0.9461038961038962,0.9090909090909091,1.0,1.0,1.0,1.0,0.9591906801370207
propagated,abt_buy,20260725,hef_gbdt_mixda,jinaai/jina-embeddings-v3,0.9328568617529656,0.8896103896103896,0.9805194805194806,0.9935064935064936,1.0,1.0,0.9493725082266997
propagated,abt_buy,20260726,hef_gbdt_mixda,jinaai/jina-embeddings-v3,0.9328568617529656,0.8896103896103896,0.9805194805194806,0.9935064935064936,1.0,1.0,0.9493725082266997
propagated,abt_buy,20260727,hef_gbdt_mixda,jinaai/jina-embeddings-v3,0.9328568617529656,0.8896103896103896,0.9805194805194806,0.9935064935064936,1.0,1.0,0.9493725082266997
propagated,abt_buy,20260725,hef_gbdt_mixda,sentence-transformers/all-roberta-large-v1,0.9254277468563182,0.8831168831168831,0.974025974025974,0.9935064935064936,1.0,1.0,0.9430444420917398
propagated,abt_buy,20260726,hef_gbdt_mixda,sentence-transformers/all-roberta-large-v1,0.9254277468563182,0.8831168831168831,0.974025974025974,0.9935064935064936,1.0,1.0,0.9430444420917398
propagated,abt_buy,20260727,hef_gbdt_mixda,sentence-transformers/all-roberta-large-v1,0.9254277468563182,0.8831168831168831,0.974025974025974,0.9935064935064936,1.0,1.0,0.9430444420917398
propagated,abt_buy,20260725,hef_gbdt_mixda,sentence-transformers/bert-base-nli-mean-tokens,0.8639904942467804,0.8116883116883117,0.935064935064935,0.9545454545454546,1.0,1.0,0.8936257318710069
propagated,abt_buy,20260726,hef_gbdt_mixda,sentence-transformers/bert-base-nli-mean-tokens,0.8639904942467804,0.8116883116883117,0.935064935064935,0.9545454545454546,1.0,1.0,0.8936257318710069
propagated,abt_buy,20260727,hef_gbdt_mixda,sentence-transformers/bert-base-nli-mean-tokens,0.8639904942467804,0.8116883116883117,0.935064935064935,0.9545454545454546,1.0,1.0,0.8936257318710069
propagated,amazon_google,20260725,hef_gbdt_mixda,intfloat/e5-base-v2,0.8784318242440408,0.803680981595092,0.9815950920245399,0.9877300613496932,1.0,1.0,0.9061109764043718
propagated,amazon_google,20260726,hef_gbdt_mixda,intfloat/e5-base-v2,0.8784318242440408,0.803680981595092,0.9815950920245399,0.9877300613496932,1.0,1.0,0.9061109764043718
propagated,amazon_google,20260727,hef_gbdt_mixda,intfloat/e5-base-v2,0.8784318242440408,0.803680981595092,0.9815950920245399,0.9877300613496932,1.0,1.0,0.9061109764043718
propagated,amazon_google,20260725,hef_gbdt_mixda,jinaai/jina-embeddings-v3,0.8598256889667931,0.7730061349693251,0.9754601226993865,0.9877300613496932,1.0,1.0,0.8933152125800247
propagated,amazon_google,20260726,hef_gbdt_mixda,jinaai/jina-embeddings-v3,0.8598256889667931,0.7730061349693251,0.9754601226993865,0.9877300613496932,1.0,1.0,0.8933152125800247
propagated,amazon_google,20260727,hef_gbdt_mixda,jinaai/jina-embeddings-v3,0.8598256889667931,0.7730061349693251,0.9754601226993865,0.9877300613496932,1.0,1.0,0.8933152125800247
propagated,amazon_google,20260725,hef_gbdt_mixda,sentence-transformers/all-roberta-large-v1,0.8791905528177277,0.7914110429447853,0.9815950920245399,0.9877300613496932,1.0,1.0,0.9087958951339262
propagated,amazon_google,20260726,hef_gbdt_mixda,sentence-transformers/all-roberta-large-v1,0.8791905528177277,0.7914110429447853,0.9815950920245399,0.9877300613496932,1.0,1.0,0.9087958951339262
propagated,amazon_google,20260727,hef_gbdt_mixda,sentence-transformers/all-roberta-large-v1,0.8791905528177277,0.7914110429447853,0.9815950920245399,0.9877300613496932,1.0,1.0,0.9087958951339262
propagated,amazon_google,20260725,hef_gbdt_mixda,sentence-transformers/bert-base-nli-mean-tokens,0.7885564924684313,0.7177914110429447,0.8773006134969326,0.950920245398773,1.0,1.0,0.8289015018725444
propagated,amazon_google,20260726,hef_gbdt_mixda,sentence-transformers/bert-base-nli-mean-tokens,0.7885564924684313,0.7177914110429447,0.8773006134969326,0.950920245398773,1.0,1.0,0.8289015018725444
propagated,amazon_google,20260727,hef_gbdt_mixda,sentence-transformers/bert-base-nli-mean-tokens,0.7885564924684313,0.7177914110429447,0.8773006134969326,0.950920245398773,1.0,1.0,0.8289015018725444
propagated,link_lives_release2,20260725,hef_gbdt_mixda,intfloat/e5-base-v2,0.012514407498468648,0.0009369144284821987,0.0021861336664584633,0.0037476577139287947,1.0,0.9852307692307692,0.15390897210153956
propagated,link_lives_release2,20260726,hef_gbdt_mixda,intfloat/e5-base-v2,0.012514407498468648,0.0009369144284821987,0.0021861336664584633,0.0037476577139287947,1.0,0.9852307692307692,0.15390897210153956
propagated,link_lives_release2,20260727,hef_gbdt_mixda,intfloat/e5-base-v2,0.012514407498468648,0.0009369144284821987,0.0021861336664584633,0.0037476577139287947,1.0,0.9852307692307692,0.15390897210153956
propagated,link_lives_release2,20260725,hef_gbdt_mixda,jinaai/jina-embeddings-v3,0.7256077832244902,0.6049344159900062,0.8728919425359151,0.9216114928169894,1.0,0.9852307692307692,0.7881412633067914
propagated,link_lives_release2,20260726,hef_gbdt_mixda,jinaai/jina-embeddings-v3,0.7256077832244902,0.6049344159900062,0.8728919425359151,0.9216114928169894,1.0,0.9852307692307692,0.7881412633067914
propagated,link_lives_release2,20260727,hef_gbdt_mixda,jinaai/jina-embeddings-v3,0.7256077832244902,0.6049344159900062,0.8728919425359151,0.9216114928169894,1.0,0.9852307692307692,0.7881412633067914
propagated,link_lives_release2,20260725,hef_gbdt_mixda,sentence-transformers/all-roberta-large-v1,0.7259200880339842,0.6055590256089943,0.8728919425359151,0.9216114928169894,1.0,0.9852307692307692,0.7883717881327927
propagated,link_lives_release2,20260726,hef_gbdt_mixda,sentence-transformers/all-roberta-large-v1,0.7259200880339842,0.6055590256089943,0.8728919425359151,0.9216114928169894,1.0,0.9852307692307692,0.7883717881327927
propagated,link_lives_release2,20260727,hef_gbdt_mixda,sentence-transformers/all-roberta-large-v1,0.7259200880339842,0.6055590256089943,0.8728919425359151,0.9216114928169894,1.0,0.9852307692307692,0.7883717881327927
propagated,link_lives_release2,20260725,hef_gbdt_mixda,sentence-transformers/bert-base-nli-mean-tokens,0.7262292697953833,0.6058713304184884,0.8732042473454091,0.9219237976264835,1.0,0.9852307692307692,0.788637187732036
propagated,link_lives_release2,20260726,hef_gbdt_mixda,sentence-transformers/bert-base-nli-mean-tokens,0.7262292697953833,0.6058713304184884,0.8732042473454091,0.9219237976264835,1.0,0.9852307692307692,0.788637187732036
propagated,link_lives_release2,20260727,hef_gbdt_mixda,sentence-transformers/bert-base-nli-mean-tokens,0.7262292697953833,0.6058713304184884,0.8732042473454091,0.9219237976264835,1.0,0.9852307692307692,0.788637187732036
propagated,walmart_amazon,20260725,hef_gbdt_mixda,intfloat/e5-base-v2,0.8771157161563906,0.8473282442748091,0.9007633587786259,0.9618320610687023,1.0,1.0,0.8961703259887049
propagated,walmart_amazon,20260726,hef_gbdt_mixda,intfloat/e5-base-v2,0.8771157161563906,0.8473282442748091,0.9007633587786259,0.9618320610687023,1.0,1.0,0.8961703259887049
propagated,walmart_amazon,20260727,hef_gbdt_mixda,intfloat/e5-base-v2,0.8771157161563906,0.8473282442748091,0.9007633587786259,0.9618320610687023,1.0,1.0,0.8961703259887049
propagated,walmart_amazon,20260725,hef_gbdt_mixda,jinaai/jina-embeddings-v3,0.853111311653089,0.8091603053435115,0.9007633587786259,0.9389312977099237,1.0,1.0,0.8746622889835132
propagated,walmart_amazon,20260726,hef_gbdt_mixda,jinaai/jina-embeddings-v3,0.853111311653089,0.8091603053435115,0.9007633587786259,0.9389312977099237,1.0,1.0,0.8746622889835132
propagated,walmart_amazon,20260727,hef_gbdt_mixda,jinaai/jina-embeddings-v3,0.853111311653089,0.8091603053435115,0.9007633587786259,0.9389312977099237,1.0,1.0,0.8746622889835132
propagated,walmart_amazon,20260725,hef_gbdt_mixda,sentence-transformers/all-roberta-large-v1,0.8414355407103499,0.7786259541984732,0.916030534351145,0.9389312977099237,1.0,1.0,0.869452087939278
propagated,walmart_amazon,20260726,hef_gbdt_mixda,sentence-transformers/all-roberta-large-v1,0.8414355407103499,0.7786259541984732,0.916030534351145,0.9389312977099237,1.0,1.0,0.869452087939278
propagated,walmart_amazon,20260727,hef_gbdt_mixda,sentence-transformers/all-roberta-large-v1,0.8414355407103499,0.7786259541984732,0.916030534351145,0.9389312977099237,1.0,1.0,0.869452087939278
propagated,walmart_amazon,20260725,hef_gbdt_mixda,sentence-transformers/bert-base-nli-mean-tokens,0.825463831686835,0.7938931297709924,0.8473282442748091,0.916030534351145,1.0,1.0,0.8477082946320756
propagated,walmart_amazon,20260726,hef_gbdt_mixda,sentence-transformers/bert-base-nli-mean-tokens,0.825463831686835,0.7938931297709924,0.8473282442748091,0.916030534351145,1.0,1.0,0.8477082946320756
propagated,walmart_amazon,20260727,hef_gbdt_mixda,sentence-transformers/bert-base-nli-mean-tokens,0.825463831686835,0.7938931297709924,0.8473282442748091,0.916030534351145,1.0,1.0,0.8477082946320756
propagated,wdc_80_medium_seen,20260725,hef_gbdt_mixda,intfloat/e5-base-v2,0.5936810958623491,0.44488977955911824,0.8076152304609219,0.9298597194388778,1.0,0.998,0.6880520600616102
propagated,wdc_80_medium_seen,20260726,hef_gbdt_mixda,intfloat/e5-base-v2,0.5936810958623491,0.44488977955911824,0.8076152304609219,0.9298597194388778,1.0,0.998,0.6880520600616102
propagated,wdc_80_medium_seen,20260727,hef_gbdt_mixda,intfloat/e5-base-v2,0.5936810958623491,0.44488977955911824,0.8076152304609219,0.9298597194388778,1.0,0.998,0.6880520600616102
propagated,wdc_80_medium_seen,20260725,hef_gbdt_mixda,jinaai/jina-embeddings-v3,0.5679316802921908,0.40681362725450904,0.7675350701402806,0.9118236472945892,1.0,0.998,0.6674973858078816
propagated,wdc_80_medium_seen,20260726,hef_gbdt_mixda,jinaai/jina-embeddings-v3,0.5679316802921908,0.40681362725450904,0.7675350701402806,0.9118236472945892,1.0,0.998,0.6674973858078816
propagated,wdc_80_medium_seen,20260727,hef_gbdt_mixda,jinaai/jina-embeddings-v3,0.5679316802921908,0.40681362725450904,0.7675350701402806,0.9118236472945892,1.0,0.998,0.6674973858078816
propagated,wdc_80_medium_seen,20260725,hef_gbdt_mixda,sentence-transformers/all-roberta-large-v1,0.573874625052259,0.41282565130260523,0.7895791583166333,0.9318637274549099,1.0,0.998,0.6727295083943405
propagated,wdc_80_medium_seen,20260726,hef_gbdt_mixda,sentence-transformers/all-roberta-large-v1,0.573874625052259,0.41282565130260523,0.7895791583166333,0.9318637274549099,1.0,0.998,0.6727295083943405
propagated,wdc_80_medium_seen,20260727,hef_gbdt_mixda,sentence-transformers/all-roberta-large-v1,0.573874625052259,0.41282565130260523,0.7895791583166333,0.9318637274549099,1.0,0.998,0.6727295083943405
propagated,wdc_80_medium_seen,20260725,hef_gbdt_mixda,sentence-transformers/bert-base-nli-mean-tokens,0.5559759539279525,0.39879759519038077,0.7615230460921844,0.9118236472945892,1.0,0.998,0.6582303181283942
propagated,wdc_80_medium_seen,20260726,hef_gbdt_mixda,sentence-transformers/bert-base-nli-mean-tokens,0.5559759539279525,0.39879759519038077,0.7615230460921844,0.9118236472945892,1.0,0.998,0.6582303181283942
propagated,wdc_80_medium_seen,20260727,hef_gbdt_mixda,sentence-transformers/bert-base-nli-mean-tokens,0.5559759539279525,0.39879759519038077,0.7615230460921844,0.9118236472945892,1.0,0.998,0.6582303181283942
propagated,wdc_80_medium_unseen,20260725,hef_gbdt_mixda,intfloat/e5-base-v2,0.676902151372665,0.5160642570281124,0.8875502008032129,0.9779116465863453,1.0,0.996,0.7547249920122814
propagated,wdc_80_medium_unseen,20260726,hef_gbdt_mixda,intfloat/e5-base-v2,0.676902151372665,0.5160642570281124,0.8875502008032129,0.9779116465863453,1.0,0.996,0.7547249920122814
propagated,wdc_80_medium_unseen,20260727,hef_gbdt_mixda,intfloat/e5-base-v2,0.676902151372665,0.5160642570281124,0.8875502008032129,0.9779116465863453,1.0,0.996,0.7547249920122814
propagated,wdc_80_medium_unseen,20260725,hef_gbdt_mixda,jinaai/jina-embeddings-v3,0.6628473319455916,0.5180722891566265,0.8634538152610441,0.9538152610441767,1.0,0.996,0.7422336142532503
propagated,wdc_80_medium_unseen,20260726,hef_gbdt_mixda,jinaai/jina-embeddings-v3,0.6628473319455916,0.5180722891566265,0.8634538152610441,0.9538152610441767,1.0,0.996,0.7422336142532503
propagated,wdc_80_medium_unseen,20260727,hef_gbdt_mixda,jinaai/jina-embeddings-v3,0.6628473319455916,0.5180722891566265,0.8634538152610441,0.9538152610441767,1.0,0.996,0.7422336142532503
propagated,wdc_80_medium_unseen,20260725,hef_gbdt_mixda,sentence-transformers/all-roberta-large-v1,0.6559820784971387,0.4959839357429719,0.8775100401606426,0.9759036144578314,1.0,0.996,0.7384065288455124
propagated,wdc_80_medium_unseen,20260726,hef_gbdt_mixda,sentence-transformers/all-roberta-large-v1,0.6559820784971387,0.4959839357429719,0.8775100401606426,0.9759036144578314,1.0,0.996,0.7384065288455124
propagated,wdc_80_medium_unseen,20260727,hef_gbdt_mixda,sentence-transformers/all-roberta-large-v1,0.6559820784971387,0.4959839357429719,0.8775100401606426,0.9759036144578314,1.0,0.996,0.7384065288455124
propagated,wdc_80_medium_unseen,20260725,hef_gbdt_mixda,sentence-transformers/bert-base-nli-mean-tokens,0.6488099576361833,0.5,0.8634538152610441,0.9598393574297188,1.0,0.996,0.7318492696893734
propagated,wdc_80_medium_unseen,20260726,hef_gbdt_mixda,sentence-transformers/bert-base-nli-mean-tokens,0.6488099576361833,0.5,0.8634538152610441,0.9598393574297188,1.0,0.996,0.7318492696893734
propagated,wdc_80_medium_unseen,20260727,hef_gbdt_mixda,sentence-transformers/bert-base-nli-mean-tokens,0.6488099576361833,0.5,0.8634538152610441,0.9598393574297188,1.0,0.996,0.7318492696893734
propagated,abt_buy,20260725,official_ditto_mixda,roberta-base (Official Ditto),0.9548110979929161,0.9285714285714286,0.9935064935064936,0.9935064935064936,1.0,1.0,0.9641936265401236
propagated,abt_buy,20260725,hef_gbdt_e5_plus_official_ditto_mixda_all,roberta-base (Official Ditto),0.9686765615337044,0.948051948051948,0.9935064935064936,1.0,1.0,1.0,0.9764599669378257
propagated,abt_buy,20260726,official_ditto_mixda,roberta-base (Official Ditto),0.9591630591630591,0.9415584415584416,0.974025974025974,0.987012987012987,1.0,1.0,0.9668505253539442
propagated,abt_buy,20260726,hef_gbdt_e5_plus_official_ditto_mixda_all,roberta-base (Official Ditto),0.9789452971271153,0.9675324675324676,0.9935064935064936,0.9935064935064936,1.0,1.0,0.9840311847584028
propagated,abt_buy,20260727,official_ditto_mixda,roberta-base (Official Ditto),0.9583347388542194,0.9415584415584416,0.9805194805194806,0.9805194805194806,1.0,1.0,0.9660716626550553
propagated,abt_buy,20260727,hef_gbdt_e5_plus_official_ditto_mixda_all,roberta-base (Official Ditto),0.9638064316635745,0.9415584415584416,0.9935064935064936,1.0,1.0,1.0,0.9715781886808604
propagated,amazon_google,20260725,official_ditto_mixda,roberta-base (Official Ditto),0.9290255179158888,0.8834355828220859,0.9877300613496932,0.9938650306748467,1.0,1.0,0.9468945967436078
propagated,amazon_google,20260725,hef_gbdt_e5_plus_official_ditto_mixda_all,roberta-base (Official Ditto),0.8989896776706593,0.8343558282208589,0.9693251533742331,0.9754601226993865,1.0,1.0,0.9235987738290189
propagated,amazon_google,20260726,official_ditto_mixda,roberta-base (Official Ditto),0.9309657536219361,0.8773006134969326,0.9877300613496932,0.9877300613496932,1.0,1.0,0.9467571103936672
propagated,amazon_google,20260726,hef_gbdt_e5_plus_official_ditto_mixda_all,roberta-base (Official Ditto),0.9243012951601908,0.8711656441717791,0.9754601226993865,0.9877300613496932,1.0,1.0,0.9427479854311073
propagated,amazon_google,20260727,official_ditto_mixda,roberta-base (Official Ditto),0.9100370523630519,0.852760736196319,0.9693251533742331,0.9754601226993865,1.0,1.0,0.9315055510211304
propagated,amazon_google,20260727,hef_gbdt_e5_plus_official_ditto_mixda_all,roberta-base (Official Ditto),0.9394282919889747,0.8957055214723927,0.9938650306748467,0.9938650306748467,1.0,1.0,0.9543193428592716
propagated,link_lives_release2,20260725,official_ditto_mixda,roberta-base (Official Ditto),0.751197028045878,0.6545908806995627,0.8691442848219862,0.9166146158650843,1.0,0.9852307692307692,0.8065937975559428
propagated,link_lives_release2,20260725,hef_gbdt_e5_plus_official_ditto_mixda_all,roberta-base (Official Ditto),0.023670274940558542,0.009369144284821987,0.01811367895065584,0.0221736414740787,1.0,0.9852307692307692,0.16418853781769913
propagated,link_lives_release2,20260726,official_ditto_mixda,roberta-base (Official Ditto),0.7508878462844787,0.6542785758900687,0.8688319800124922,0.9163023110555902,1.0,0.9852307692307692,0.8063283979566997
propagated,link_lives_release2,20260726,hef_gbdt_e5_plus_official_ditto_mixda_all,roberta-base (Official Ditto),0.34855578424099476,0.26858213616489696,0.40349781386633354,0.5018738288569644,1.0,0.9852307692307692,0.4727662798926469
propagated,link_lives_release2,20260727,official_ditto_mixda,roberta-base (Official Ditto),0.7508878462844787,0.6542785758900687,0.8688319800124922,0.9163023110555902,1.0,0.9852307692307692,0.8063283979566997
propagated,link_lives_release2,20260727,hef_gbdt_e5_plus_official_ditto_mixda_all,roberta-base (Official Ditto),0.1256541805439964,0.08307307932542161,0.1570893191755153,0.18925671455340412,1.0,0.9852307692307692,0.2600603394412449
propagated,walmart_amazon,20260725,official_ditto_mixda,roberta-base (Official Ditto),0.9356584430431094,0.8931297709923665,0.9847328244274809,0.9923664122137404,1.0,1.0,0.9496742913858494
propagated,walmart_amazon,20260725,hef_gbdt_e5_plus_official_ditto_mixda_all,roberta-base (Official Ditto),0.9377485453678769,0.916030534351145,0.9618320610687023,0.9618320610687023,1.0,1.0,0.9442871857405489
propagated,walmart_amazon,20260726,official_ditto_mixda,roberta-base (Official Ditto),0.9673228873710994,0.9465648854961832,0.9923664122137404,0.9923664122137404,1.0,1.0,0.9712018511450444
propagated,walmart_amazon,20260726,hef_gbdt_e5_plus_official_ditto_mixda_all,roberta-base (Official Ditto),0.9472471255128606,0.9312977099236641,0.9694656488549618,0.9694656488549618,1.0,1.0,0.9516131505284791
propagated,walmart_amazon,20260727,official_ditto_mixda,roberta-base (Official Ditto),0.970611640030115,0.9618320610687023,0.9847328244274809,0.9847328244274809,1.0,1.0,0.9730027875326386
propagated,walmart_amazon,20260727,hef_gbdt_e5_plus_official_ditto_mixda_all,roberta-base (Official Ditto),0.9512623798682457,0.9312977099236641,0.9694656488549618,0.9847328244274809,1.0,1.0,0.9586902624107714
propagated,wdc_80_medium_seen,20260725,official_ditto_mixda,roberta-base (Official Ditto),0.8142989539165261,0.7394789579158316,0.9038076152304609,0.9378757515030061,1.0,0.998,0.8562853680870111
propagated,wdc_80_medium_seen,20260725,hef_gbdt_e5_plus_official_ditto_mixda_all,roberta-base (Official Ditto),0.8443751922511694,0.7715430861723447,0.9378757515030061,0.9719438877755511,1.0,0.998,0.8808820493057108
propagated,wdc_80_medium_seen,20260726,official_ditto_mixda,roberta-base (Official Ditto),0.8130350721972606,0.7474949899799599,0.8997995991983968,0.9478957915831663,1.0,0.998,0.855065963565329
propagated,wdc_80_medium_seen,20260726,hef_gbdt_e5_plus_official_ditto_mixda_all,roberta-base (Official Ditto),0.8580021323523033,0.7935871743486974,0.935871743486974,0.9839679358717435,1.0,0.998,0.8915415739329711
propagated,wdc_80_medium_seen,20260727,official_ditto_mixda,roberta-base (Official Ditto),0.8051799401975173,0.7294589178356713,0.905811623246493,0.9338677354709419,1.0,0.998,0.8491027657340172
propagated,wdc_80_medium_seen,20260727,hef_gbdt_e5_plus_official_ditto_mixda_all,roberta-base (Official Ditto),0.8500269341487685,0.781563126252505,0.9458917835671342,0.9779559118236473,1.0,0.998,0.8853899168180324
propagated,wdc_80_medium_unseen,20260725,official_ditto_mixda,roberta-base (Official Ditto),0.813183531503334,0.7409638554216867,0.9016064257028112,0.9397590361445783,1.0,0.996,0.8545584877802098
propagated,wdc_80_medium_unseen,20260725,hef_gbdt_e5_plus_official_ditto_mixda_all,roberta-base (Official Ditto),0.8469154159626815,0.7751004016064257,0.9457831325301205,0.9759036144578314,1.0,0.996,0.8829506886158246
propagated,wdc_80_medium_unseen,20260726,official_ditto_mixda,roberta-base (Official Ditto),0.8360149275329493,0.7670682730923695,0.9236947791164659,0.9578313253012049,1.0,0.996,0.8734563819332608
propagated,wdc_80_medium_unseen,20260726,hef_gbdt_e5_plus_official_ditto_mixda_all,roberta-base (Official Ditto),0.8698987146276302,0.7991967871485943,0.9698795180722891,0.9959839357429718,1.0,0.996,0.9016626371251032
propagated,wdc_80_medium_unseen,20260727,official_ditto_mixda,roberta-base (Official Ditto),0.8259980403574302,0.7530120481927711,0.9136546184738956,0.9598393574297188,1.0,0.996,0.8659203728369077
propagated,wdc_80_medium_unseen,20260727,hef_gbdt_e5_plus_official_ditto_mixda_all,roberta-base (Official Ditto),0.8488235427339671,0.7670682730923695,0.9558232931726908,0.9819277108433735,1.0,0.996,0.8853633445593478
propagated,abt_buy,20260725,official_ditto,roberta-base (Official Ditto),0.9709663769814146,0.9545454545454546,0.987012987012987,0.9935064935064936,1.0,1.0,0.9759781495771621
propagated,abt_buy,20260725,hef_gbdt_e5_plus_official_ditto_plain,roberta-base (Official Ditto),0.9621212121212123,0.9415584415584416,0.987012987012987,0.987012987012987,1.0,1.0,0.9702378265815205
propagated,abt_buy,20260726,official_ditto,roberta-base (Official Ditto),0.9783008658008658,0.9675324675324676,0.9935064935064936,1.0,1.0,1.0,0.9821724913682642
propagated,abt_buy,20260726,hef_gbdt_e5_plus_official_ditto_plain,roberta-base (Official Ditto),0.9685351413292588,0.9545454545454546,0.987012987012987,0.9935064935064936,1.0,1.0,0.9757940480897561
propagated,abt_buy,20260727,official_ditto,roberta-base (Official Ditto),0.972077922077922,0.9545454545454546,1.0,1.0,1.0,1.0,0.9777750971265842
propagated,abt_buy,20260727,hef_gbdt_e5_plus_official_ditto_plain,roberta-base (Official Ditto),0.9584415584415584,0.935064935064935,0.9935064935064936,0.9935064935064936,1.0,1.0,0.9678566510263419
propagated,amazon_google,20260725,official_ditto,roberta-base (Official Ditto),0.9343144672909862,0.8895705521472392,0.9877300613496932,0.9877300613496932,1.0,1.0,0.9494219852190232
propagated,amazon_google,20260725,hef_gbdt_e5_plus_official_ditto_plain,roberta-base (Official Ditto),0.9154907975460124,0.8650306748466258,0.9877300613496932,0.9938650306748467,1.0,1.0,0.9346587515493003
propagated,amazon_google,20260726,official_ditto,roberta-base (Official Ditto),0.9266163284568193,0.8711656441717791,0.9877300613496932,0.9877300613496932,1.0,1.0,0.9448362533922138
propagated,amazon_google,20260726,hef_gbdt_e5_plus_official_ditto_plain,roberta-base (Official Ditto),0.8270804485360074,0.7607361963190185,0.9141104294478528,0.9570552147239264,1.0,1.0,0.8650500810403715
propagated,amazon_google,20260727,official_ditto,roberta-base (Official Ditto),0.9582968156587789,0.9263803680981595,0.9877300613496932,0.9938650306748467,1.0,1.0,0.9661403697590355
propagated,amazon_google,20260727,hef_gbdt_e5_plus_official_ditto_plain,roberta-base (Official Ditto),0.9170829681565877,0.8650306748466258,0.9693251533742331,0.9815950920245399,1.0,1.0,0.936480179404821
propagated,link_lives_release2,20260725,official_ditto,roberta-base (Official Ditto),0.751197028045878,0.6545908806995627,0.8691442848219862,0.9166146158650843,1.0,0.9852307692307692,0.8065937975559428
propagated,link_lives_release2,20260725,hef_gbdt_e5_plus_official_ditto_plain,roberta-base (Official Ditto),0.547480012044132,0.3835103060587133,0.759525296689569,0.8728919425359151,1.0,0.9852307692307692,0.649444013498637
propagated,link_lives_release2,20260726,official_ditto,roberta-base (Official Ditto),0.751197028045878,0.6545908806995627,0.8691442848219862,0.9166146158650843,1.0,0.9852307692307692,0.8065937975559428
propagated,link_lives_release2,20260726,hef_gbdt_e5_plus_official_ditto_plain,roberta-base (Official Ditto),0.6957052348252522,0.599000624609619,0.81105559025609,0.8607120549656465,1.0,0.9852307692307692,0.7598318812683499
propagated,link_lives_release2,20260727,official_ditto,roberta-base (Official Ditto),0.751197028045878,0.6545908806995627,0.8691442848219862,0.9166146158650843,1.0,0.9852307692307692,0.8065937975559428
propagated,link_lives_release2,20260727,hef_gbdt_e5_plus_official_ditto_plain,roberta-base (Official Ditto),0.03150907857664229,0.01155527795128045,0.028419737663960026,0.04122423485321674,1.0,0.9852307692307692,0.1742773835144099
propagated,walmart_amazon,20260725,official_ditto,roberta-base (Official Ditto),0.9577778598307226,0.9465648854961832,0.9694656488549618,0.9770992366412213,1.0,1.0,0.9617257874972491
propagated,walmart_amazon,20260725,hef_gbdt_e5_plus_official_ditto_plain,roberta-base (Official Ditto),0.9591698112216629,0.9465648854961832,0.9694656488549618,0.9770992366412213,1.0,1.0,0.9612052836963855
propagated,walmart_amazon,20260726,official_ditto,roberta-base (Official Ditto),0.9512555513918654,0.9312977099236641,0.9694656488549618,0.9694656488549618,1.0,1.0,0.9571544598457727
propagated,walmart_amazon,20260726,hef_gbdt_e5_plus_official_ditto_plain,roberta-base (Official Ditto),0.9282272984170229,0.916030534351145,0.9389312977099237,0.9465648854961832,1.0,1.0,0.9353297833125394
propagated,walmart_amazon,20260727,official_ditto,roberta-base (Official Ditto),0.9684584393553859,0.9541984732824428,0.9847328244274809,0.9847328244274809,1.0,1.0,0.9733007603595499
propagated,walmart_amazon,20260727,hef_gbdt_e5_plus_official_ditto_plain,roberta-base (Official Ditto),0.9557804346360925,0.9389312977099237,0.9770992366412213,0.9847328244274809,1.0,1.0,0.9606483731006108
propagated,wdc_80_medium_seen,20260725,official_ditto,roberta-base (Official Ditto),0.7975151300343711,0.7334669338677354,0.8817635270541082,0.9378757515030061,1.0,0.998,0.8428090602289628
propagated,wdc_80_medium_seen,20260725,hef_gbdt_e5_plus_official_ditto_plain,roberta-base (Official Ditto),0.8205521336125161,0.7434869739478958,0.935871743486974,0.969939879759519,1.0,0.998,0.86257266421934
propagated,wdc_80_medium_seen,20260726,official_ditto,roberta-base (Official Ditto),0.8196457465864385,0.7434869739478958,0.9198396793587175,0.9579158316633266,1.0,0.998,0.8608631811568213
propagated,wdc_80_medium_seen,20260726,hef_gbdt_e5_plus_official_ditto_plain,roberta-base (Official Ditto),0.8269220842617635,0.7474949899799599,0.9198396793587175,0.9739478957915831,1.0,0.998,0.8678176537716982
propagated,wdc_80_medium_seen,20260727,official_ditto,roberta-base (Official Ditto),0.8225371840617599,0.7394789579158316,0.9298597194388778,0.9619238476953907,1.0,0.998,0.8641777814424982
propagated,wdc_80_medium_seen,20260727,hef_gbdt_e5_plus_official_ditto_plain,roberta-base (Official Ditto),0.8126116679203114,0.7454909819639278,0.8897795591182365,0.9418837675350702,1.0,0.998,0.8546157746565578
propagated,wdc_80_medium_unseen,20260725,official_ditto,roberta-base (Official Ditto),0.831059284174246,0.7690763052208835,0.9136546184738956,0.9477911646586346,1.0,0.996,0.8690716849171604
propagated,wdc_80_medium_unseen,20260725,hef_gbdt_e5_plus_official_ditto_plain,roberta-base (Official Ditto),0.8578179755780403,0.7891566265060241,0.9477911646586346,0.9839357429718876,1.0,0.996,0.891724926060935
propagated,wdc_80_medium_unseen,20260726,official_ditto,roberta-base (Official Ditto),0.833299071710339,0.7530120481927711,0.9417670682730924,0.9759036144578314,1.0,0.996,0.8726655469143144
propagated,wdc_80_medium_unseen,20260726,hef_gbdt_e5_plus_official_ditto_plain,roberta-base (Official Ditto),0.8224306216256777,0.7349397590361446,0.9357429718875502,0.9899598393574297,1.0,0.996,0.8650578604046425
propagated,wdc_80_medium_unseen,20260727,official_ditto,roberta-base (Official Ditto),0.830687698470495,0.751004016064257,0.9397590361445783,0.9698795180722891,1.0,0.996,0.8704782319744432
propagated,wdc_80_medium_unseen,20260727,hef_gbdt_e5_plus_official_ditto_plain,roberta-base (Official Ditto),0.8013070614127613,0.7269076305220884,0.8875502008032129,0.9457831325301205,1.0,0.996,0.8464727246370578
