model_family,fraction_percent,dataset_count,run_count,f1_macro_mean,f1_macro_std,precision_macro_mean,precision_macro_std,recall_macro_mean,recall_macro_std,roc_auc_macro_mean,roc_auc_macro_std,average_precision_macro_mean,average_precision_macro_std,brier_macro_mean,brier_macro_std,ece_macro_mean,ece_macro_std
hef_gbdt_e5_finetuned_jina_oof,1,6,18,0.6447849534865924,0.11284778429854936,0.5490412931219862,0.13091051415299412,0.7981488805468717,0.10508663394434495,0.90159372842379,0.047570535822575755,0.549959154818325,0.17093207089817922,0.06776825312064065,0.01625181859471186,0.059676669445177834,0.037906994553684875
hef_gbdt_e5_finetuned_jina_oof,2,6,18,0.6976524387016301,0.09502063576280624,0.6135869705374735,0.10182769141206574,0.8152673481304532,0.10638622465287302,0.9252218546049744,0.03903978450543442,0.624120326268445,0.152096011005035,0.056039313735900265,0.01032523488685442,0.040293689492228106,0.022976290087049857
hef_gbdt_e5_finetuned_jina_oof,3,6,18,0.7109742012229864,0.10140066363159701,0.6639407191900957,0.09796709163064601,0.7733847018048939,0.13027761429080023,0.9283793166502153,0.0402588371946134,0.6719206305835179,0.1626157743457307,0.05216242948003504,0.014649710148926973,0.027298713524090242,0.011051430348833194
hef_gbdt_e5_finetuned_jina_oof,4,6,18,0.7271569634369924,0.09929556124500788,0.6801874417044207,0.09705820366964171,0.7859341743569488,0.11510645078523093,0.9403713364705459,0.03350253484939513,0.7121452531052505,0.13388041411906257,0.04813862876227949,0.013298450998722032,0.025845257054373745,0.007980868183259342
hef_gbdt_e5_finetuned_jina_oof,5,6,18,0.7428361128286272,0.0995231333105156,0.6877298837491095,0.11280466288063305,0.8111909140518561,0.08555138702802516,0.9390093321088692,0.028062123549443027,0.7446801930121107,0.13762538867718088,0.04595694497187394,0.013116927723222378,0.023979788737590123,0.00943744755266143
hef_gbdt_e5_finetuned_jina_oof,10,6,18,0.7708746249235596,0.1038353104538882,0.7512596486107527,0.12830483974938758,0.7981144214042918,0.09117236884828474,0.9380471980194183,0.03091425960337928,0.7552416780551644,0.14214718966775544,0.04134095698670555,0.01571894981209273,0.023208905637737927,0.008180383554079207
hef_gbdt_e5_finetuned_jina_oof,15,6,18,0.7702370229239892,0.10077607315782218,0.7396147172306184,0.11855695250289244,0.808021247158796,0.08990816853314457,0.9469604402507322,0.028350502490025457,0.7578118768718599,0.15002474563052437,0.042025726925599444,0.016532155379381668,0.02347208513079523,0.009321003023528104
hef_gbdt_e5_finetuned_jina_oof,20,6,18,0.7860978234518001,0.09758784289190421,0.7559399256668489,0.1226983428490482,0.8226590079859695,0.0728874987929013,0.948265972923388,0.024765377592171397,0.7866233451945233,0.1347783427753204,0.03919359911974922,0.014310905536053076,0.022970702756538074,0.006574440769816081
hef_gbdt_e5_finetuned_jina_oof,25,6,18,0.7896492337846162,0.09461598121601518,0.7629537256426314,0.12090444905617286,0.8227673501607804,0.07158863380940544,0.9543340442804451,0.02122598866410694,0.7970658615069549,0.1280863957768355,0.03807325941965906,0.015279044554730429,0.021296387548578346,0.007706292442630717
hef_gbdt_e5_finetuned_jina_oof,30,6,18,0.796680106655142,0.0932699266722799,0.7677081709390255,0.12342858329470555,0.8332346652136212,0.0674379711754652,0.9530741940017282,0.02386980385219699,0.7972517188118693,0.1282326649064911,0.0367257422083295,0.013861623183028218,0.01808398806428021,0.004160112328383348
hef_gbdt_e5_finetuned_jina_oof,35,6,18,0.7989561959849356,0.09349041199169829,0.7767398224495996,0.12110873623311798,0.8275654842853394,0.07449408564668976,0.9538454466384721,0.0220283329417971,0.7993242203883253,0.12371406934756232,0.036610231732179956,0.014600252586003325,0.019619102487843564,0.0056231482025436525
hef_gbdt_e5_finetuned_jina_oof,40,6,18,0.8059132086714655,0.08328096150328677,0.7833765844520556,0.11547221725280053,0.8379077188118219,0.07370170870040553,0.9565302482299501,0.02555874965708835,0.8174216362181693,0.11542470097734912,0.036276434747794115,0.014923959394334708,0.024276972358942408,0.012831726654451288
hef_gbdt_e5_finetuned_jina_oof,45,6,18,0.8076043231625826,0.08834461102277316,0.7805680341589613,0.11440009401908313,0.8407233456619576,0.06848963090650244,0.9580276773655881,0.021612886197859803,0.8247003124493618,0.10850821128033833,0.035575709265367135,0.014470924437321252,0.024567109512244716,0.008419009457742516
hef_gbdt_e5_finetuned_jina_oof,50,6,18,0.8122230416109958,0.08589899911925238,0.7864028316183449,0.11998844492679282,0.8460832709306307,0.06019983968787772,0.9540744562437784,0.027254055357505542,0.8215068740301595,0.11214077039038184,0.034397022513833225,0.01330123738350588,0.023278634987402545,0.006941197760663717
hef_gbdt_e5_finetuned_jina_oof,55,6,18,0.8094258249802235,0.07970066521794274,0.7961188922217141,0.08885796132925622,0.8256972566744856,0.0807965428719169,0.9534826395798502,0.022315367466022723,0.811062704019357,0.11174990403976559,0.03623255069301657,0.014045853025657735,0.02565521666509713,0.011519030638884363
hef_gbdt_e5_finetuned_jina_oof,60,6,18,0.8141453688796974,0.08566863240528065,0.7980654790326938,0.08855977152560547,0.8336151637157891,0.09182248811154925,0.9559043047558675,0.025038695933451052,0.8192509708334355,0.11497959552863293,0.03561057640405027,0.01498042443537874,0.024109504679211503,0.011787255283549479
hef_gbdt_e5_finetuned_jina_oof,65,6,18,0.8230651141680653,0.07466032888919906,0.8095500189230983,0.08758089128712217,0.839312718872254,0.07329810486666664,0.9567988593925729,0.02399815369004813,0.8254274057222482,0.10837517255015372,0.03409087277825749,0.013591493129492236,0.023998703167050814,0.011917321764985386
hef_gbdt_e5_finetuned_jina_oof,70,6,18,0.8233500852794359,0.07732620357186094,0.8117992088390314,0.08998477320629841,0.8375282800448889,0.07570050189466726,0.956105189106081,0.02291551884385903,0.8207489419671882,0.11292327617533292,0.035291708199727184,0.014836901220933134,0.027597230941980414,0.014203173842850216
hef_gbdt_e5_finetuned_jina_oof,75,6,18,0.8271920713218128,0.07645008871911807,0.8078780185965009,0.09220950044823693,0.849552415379905,0.06747142953177658,0.9623252220590681,0.019480291301613196,0.8302736548466704,0.10996738786448616,0.03430279406537362,0.014586859360995701,0.025389597593831498,0.012445522714988394
hef_gbdt_e5_finetuned_jina_oof,80,6,18,0.8278248156385903,0.07209791512888845,0.8054405352415663,0.09237154999859273,0.8547295183820327,0.06323301889744157,0.9620637778320674,0.02021835458574137,0.8285192008365829,0.11113398418935899,0.033623454468456826,0.014165923865142215,0.02441545719276544,0.012383336646483244
hef_gbdt_e5_finetuned_jina_oof,85,6,18,0.8236184085980374,0.07707648135735827,0.8077696899248115,0.10135298139277417,0.843313967404029,0.062457615491864946,0.9618780008436385,0.018581519523927455,0.8316537177614185,0.10863950999638007,0.03415550322026648,0.014828265067878394,0.025497415043747192,0.011961166115305986
hef_gbdt_e5_finetuned_jina_oof,90,6,18,0.827143638230457,0.0757626355523755,0.7972374101604721,0.08740251151720005,0.860857802669111,0.06780192112187543,0.9646512005334373,0.02171800641578248,0.8301824143247114,0.11791922228502259,0.0340583972276271,0.014665210185032234,0.024797366442276186,0.013014794519919614
hef_gbdt_e5_finetuned_jina_oof,95,6,18,0.826652345003035,0.07501899058227668,0.8051502431678317,0.09649892532711944,0.8527069638358603,0.06479984636008207,0.9629976310408903,0.019760263477836524,0.832150468882413,0.10885419795538773,0.03385134429556193,0.014561048821094153,0.025666523922682018,0.013965186380019465
hef_gbdt_e5_finetuned_jina_oof,100,6,18,0.8284321518757235,0.07411622680083002,0.802905876081327,0.09535114028999328,0.8583504954261029,0.058278453504716714,0.9664333922939704,0.019866875204605994,0.842880143304242,0.10017436522471967,0.03345205955308528,0.013886946798705287,0.024747755117463917,0.011391644365477268
hef_gbdt_e5_finetuned_roberta_oof,1,6,18,0.4531506921293689,0.1963582965196528,0.3539368489262922,0.22656083501320887,0.7358703618429963,0.11200518156746267,0.7945488260757092,0.10794572423647884,0.3719251805861783,0.25816650466575686,0.08582631837329778,0.02530190190261381,0.06273949424235027,0.03315700873864797
hef_gbdt_e5_finetuned_roberta_oof,2,6,18,0.4985725050221205,0.18862284205343124,0.4092150475110972,0.212671845184436,0.707305267571562,0.14126838557760762,0.8518622118159788,0.07205474975563793,0.45024053999660735,0.23895284271341827,0.07935276511808383,0.025798257744346378,0.05546542110753544,0.02889786786657525
hef_gbdt_e5_finetuned_roberta_oof,3,6,18,0.5762796651902502,0.16318527374164032,0.5210493095288077,0.1947992739205236,0.6803126198878332,0.13636144042259407,0.8930144724998114,0.0545231313479044,0.5561645921620079,0.213986991978626,0.07115766831674188,0.024359128465856247,0.05077245827177967,0.02473986431799359
hef_gbdt_e5_finetuned_roberta_oof,4,6,18,0.5981485865980293,0.16280331837032166,0.5642012497164903,0.17602655524806476,0.6573581395362169,0.171538122639078,0.9047445322548309,0.05294433446564787,0.5940679663756788,0.20891235831286464,0.0658387949786268,0.02285349511263642,0.053593733060962975,0.025599223102283554
hef_gbdt_e5_finetuned_roberta_oof,5,6,18,0.5994796265731164,0.16544980206535578,0.5714454704103348,0.21328588067208032,0.6782576607468537,0.1582699336771087,0.9024967156228091,0.05256502172611558,0.595339804047081,0.2017638320093033,0.06463412595103962,0.02473276901931556,0.04776885598431377,0.027864872185704707
hef_gbdt_e5_finetuned_roberta_oof,10,6,18,0.664485732638468,0.16852759644805557,0.6108950600784644,0.20747668757630736,0.7570417066461972,0.11992134744971855,0.9220982018230081,0.051284790439015356,0.6600958222847808,0.2230286769227516,0.055897847209721456,0.026466412769858217,0.038413739733213055,0.026968223432360498
hef_gbdt_e5_finetuned_roberta_oof,15,6,18,0.6975189311715425,0.1776768150968804,0.6691975418361343,0.21743134118567017,0.7477151292384453,0.12885793216885646,0.9294484941593129,0.04861240206716122,0.7010898736024898,0.2202664023675776,0.05227039343956968,0.02631705716760424,0.033403016042937474,0.017832626273422306
hef_gbdt_e5_finetuned_roberta_oof,20,6,18,0.6850740309264935,0.1653704302562081,0.6365300315300203,0.20338741172771937,0.7693873515968189,0.12379232764994898,0.9310516184576192,0.04816516149825346,0.7013006205605534,0.20395947288191332,0.05448549792033017,0.027753799535114036,0.04238012832498958,0.025586929479559435
hef_gbdt_e5_finetuned_roberta_oof,25,6,18,0.6972032910542496,0.1861178356866327,0.652659586127208,0.23593603025421223,0.7804867330540655,0.11583122645327369,0.935858721596318,0.04986756203708163,0.714272334232371,0.21713443368557697,0.0513555501786189,0.02960254743589812,0.036216881296804525,0.02979818185814189
hef_gbdt_e5_finetuned_roberta_oof,30,6,18,0.7043931282377032,0.17174312117783225,0.6679762142553465,0.21921385692945566,0.772576554011217,0.11424203617084515,0.9372059612188591,0.044911172565057986,0.7232020523441997,0.20206652376060627,0.04973066683438592,0.027294152809798706,0.03538411122428627,0.027980232547088875
hef_gbdt_e5_finetuned_roberta_oof,35,6,18,0.7134806316436877,0.18903286073976122,0.6803118115367035,0.23392060022790073,0.7731027821835877,0.1293565326709041,0.9387019930749306,0.049317306611289885,0.7278206826407472,0.22293331726482976,0.04920733546364285,0.029421869516047208,0.0343467477637589,0.027552052088562023
hef_gbdt_e5_finetuned_roberta_oof,40,6,18,0.773450098683264,0.12064561714286912,0.7501306863597372,0.14002791180108493,0.8044731194954546,0.11189393935032722,0.9584173310994928,0.027646907376497765,0.8044710487981483,0.14163051872261234,0.03855630962318975,0.017670858139651826,0.018211753397719233,0.00968293418721516
hef_gbdt_e5_finetuned_roberta_oof,45,6,18,0.7767561103205656,0.11303275584291587,0.7591274819598569,0.13772630404586886,0.8011898991749085,0.10130702947593458,0.9584925311616399,0.027396062192256588,0.800160886109206,0.14281480728025298,0.039495960490134284,0.01830676271977927,0.02217251712004195,0.012453856408349284
hef_gbdt_e5_finetuned_roberta_oof,50,6,18,0.7807384117155589,0.10832374683766018,0.765049791968924,0.1287498871711307,0.8025412297581757,0.10202070350761096,0.9619229720072159,0.024016324708941002,0.8123669182929902,0.12876818907404322,0.03805328563562495,0.01608220569813891,0.019838692658086694,0.01455377397650625
hef_gbdt_e5_finetuned_roberta_oof,55,6,18,0.7801497519867093,0.11351176401002622,0.7610321706413954,0.12668767979985135,0.8064051405590719,0.11365813943309698,0.9629347170947028,0.023396734897253503,0.8187046266878145,0.12516405711701703,0.038396094379288065,0.018524625608370128,0.024733160686929368,0.015549462997237879
hef_gbdt_e5_finetuned_roberta_oof,60,6,18,0.7958634467235763,0.10749931274851911,0.7858383156986176,0.11909797567610422,0.811022336130742,0.10920797507520054,0.9643380926108623,0.02262330450217143,0.8319838693505429,0.12066613817313428,0.03647334845716084,0.017696791781255043,0.022286977523305197,0.013915164921689083
hef_gbdt_e5_finetuned_roberta_oof,65,6,18,0.799509907581823,0.10502991634277589,0.7837408774416412,0.13141085121295332,0.8235583212911046,0.09461484464838486,0.9678241725776274,0.021058451983940688,0.8431301798190832,0.11611461547253506,0.03599634759951069,0.01796412013316671,0.02470204061570743,0.014539144617630449
hef_gbdt_e5_finetuned_roberta_oof,70,6,18,0.7996562570667267,0.09937951511212678,0.7875338645017129,0.11422845764241844,0.8162892995500269,0.09687999382348608,0.9665578576329774,0.021920726181049212,0.8324466984728804,0.12249257014548351,0.035331061259606784,0.01642421185404178,0.020815993062864663,0.010901014031435455
hef_gbdt_e5_finetuned_roberta_oof,75,6,18,0.7874761965929717,0.1121804573245073,0.7570386446856155,0.12818307602275755,0.8262646984818456,0.11460834627654312,0.9645388653390123,0.026287256829445053,0.8341144345402915,0.1258756644570525,0.035515357238761744,0.017146227814185733,0.02384909581896096,0.010416638431015642
hef_gbdt_e5_finetuned_roberta_oof,80,6,18,0.7949625468773008,0.10007425869050994,0.7705566748488826,0.11314792694994867,0.8259254086463369,0.10271433279663272,0.9671016687669094,0.020803575016697086,0.8442285850199015,0.11001330992468697,0.03713756944157089,0.01639931824799388,0.030250991278182895,0.018941745922859934
hef_gbdt_e5_finetuned_roberta_oof,85,6,18,0.8047030754069926,0.09849401553829883,0.7815297015042111,0.1123217404302636,0.8326677006048034,0.09235218456391066,0.9701325653481849,0.02102329229193865,0.8510956624194578,0.1089130140157608,0.036991339356489246,0.020562052081475504,0.031684978222052455,0.027078750944175115
hef_gbdt_e5_finetuned_roberta_oof,90,6,18,0.8074784421354539,0.09633527083354045,0.792833664623765,0.1163122459059259,0.8288853343831797,0.09432331470506919,0.9699713947592076,0.019005943209969147,0.8502836871603581,0.10711529448437875,0.03534466737547866,0.017442154000636954,0.027858689222373056,0.018727130926096947
hef_gbdt_e5_finetuned_roberta_oof,95,6,18,0.8146948953949646,0.09580328465327019,0.8048905303157816,0.11785579207710248,0.8307779001706764,0.09361814433842743,0.9716399803075627,0.018199054577961348,0.861550135058502,0.098297713660151,0.03237083257543243,0.016061593416084173,0.022274354362578293,0.012386154261001297
hef_gbdt_e5_finetuned_roberta_oof,100,6,18,0.8169993652016023,0.09677484344582321,0.7922544838758734,0.12130402597800148,0.8482641570771926,0.0828431597515263,0.9722606928975681,0.01859126650654057,0.8607666942526501,0.10069701817302742,0.033356378353520406,0.01738533188488749,0.024858534634682176,0.015402566268432784
hef_gbdt_e5_official_ditto,1,6,18,0.4476935515548627,0.19047674585196503,0.34564142555873223,0.2167074764751984,0.7337571596859959,0.11560745423790748,0.7911802074105159,0.1095464799246454,0.3677544015333527,0.2513982725620542,0.0868883394411659,0.022981098409355548,0.06505389380505658,0.029439790934683494
hef_gbdt_e5_official_ditto,2,6,18,0.49177223923549596,0.18168935697331767,0.39507106892169913,0.2061282796367063,0.7423549899494029,0.13546503620874545,0.8521180922257764,0.06887457394783954,0.44370140470657865,0.22900375974303686,0.08326691661041402,0.024066499083750678,0.06389113801521536,0.026506965111648222
hef_gbdt_e5_official_ditto,3,6,18,0.5433494986195742,0.16551062955626628,0.48014995937537486,0.1791772327149363,0.6503455697568581,0.15928491489084873,0.8818880108420263,0.05751981220325831,0.5194305867628667,0.21326675204320597,0.07447325688841584,0.023372521901268508,0.056282788775423115,0.0236010414564499
hef_gbdt_e5_official_ditto,4,6,18,0.5650891639917879,0.16226168696081486,0.5281496684009344,0.18860081223158798,0.6336894921301414,0.1634480819400524,0.8875270020634862,0.05518735177458549,0.5412833506974407,0.2101104934857492,0.07175842135214273,0.022890638037416748,0.05862314115080225,0.026989727162075445
hef_gbdt_e5_official_ditto,5,6,18,0.5761015698780657,0.16289826173483354,0.5309272696582156,0.19287741031583716,0.6596427343165945,0.14779478274982624,0.8966438874398031,0.05159708796023733,0.5682426175647163,0.20405612281543964,0.06817391194446054,0.024774829967351312,0.05022135335726656,0.029977955683044913
hef_gbdt_e5_official_ditto,10,6,18,0.613732206841918,0.1687012576880028,0.573327808652077,0.22421616911896983,0.701344170980873,0.12453783949992676,0.9090940248023002,0.0513530147723067,0.6149964894689155,0.22072385024377508,0.06440410656351417,0.029673860110664987,0.04519694632770368,0.03590356145565444
hef_gbdt_e5_official_ditto,15,6,18,0.6358073347214883,0.17410506816049742,0.5990478517744564,0.2262732105425832,0.7180109092583731,0.12948648108551553,0.9157447482249964,0.05168644161774123,0.6492452173309469,0.21584914939005337,0.05962046820495625,0.026876385022652733,0.03749755691524413,0.024764938886395475
hef_gbdt_e5_official_ditto,20,6,18,0.6546635807498936,0.17090576198766266,0.6170179386234533,0.22857814825577197,0.735736317684957,0.10932721131087743,0.9233298891344826,0.0500485680030239,0.6561311800410603,0.22247510066678053,0.057648286207776324,0.02738836575841188,0.03672210358919502,0.023835917755738435
hef_gbdt_e5_official_ditto,25,6,18,0.6633168175711011,0.18030159267025833,0.6437253116176094,0.23777346177651348,0.7230515290823825,0.13178200226396766,0.9255491798247311,0.05224179593097956,0.6781340903746489,0.22330513018480685,0.05612803206970697,0.028295644906186253,0.03804296330786474,0.026678706076646214
hef_gbdt_e5_official_ditto,30,6,18,0.6630971030883697,0.18149288425861218,0.6292297070541688,0.23145369957245218,0.7324136240780941,0.13151226110637307,0.9265530152238467,0.0494387527847282,0.6831871578040456,0.2187054295106941,0.055530636046122295,0.02975585151327599,0.03714236330970613,0.030300421178983673
hef_gbdt_e5_official_ditto,35,6,18,0.6878711609753215,0.19021673890769472,0.6480043533770522,0.23521100009625756,0.7649248731176896,0.1245248805497071,0.9302633179015056,0.052308541700904,0.7030765201718983,0.22814846222482113,0.0522267813403916,0.03086256687751888,0.034085840452179765,0.02677030994436232
hef_gbdt_e5_official_ditto,40,6,18,0.7307658273163752,0.14275662348659723,0.6999041755338817,0.1697763546467209,0.7735289552600451,0.12085216180503332,0.95038469207944,0.03309192997634522,0.7612605630806505,0.1717932183900358,0.04431979555012689,0.022147102026121492,0.023121905743292447,0.015326945415357325
hef_gbdt_e5_official_ditto,45,6,18,0.7470941837483192,0.12342703101367122,0.7281208975956942,0.15363949157426207,0.7763782801428223,0.10704750465831278,0.9549811215936879,0.026192022464549672,0.7844502487434731,0.14058252498137738,0.04247858390360066,0.01962610438207177,0.02247899652554645,0.015360184171280288
hef_gbdt_e5_official_ditto,50,6,18,0.7364500916616576,0.13072748121667602,0.7261193979069885,0.1645592164770306,0.7633304732950591,0.12421861032773925,0.9525899597816003,0.029147086657181385,0.7814981204576684,0.14173986011505296,0.04359325178357345,0.02172795839510891,0.024879060373008684,0.023674546252306816
hef_gbdt_e5_official_ditto,55,6,18,0.7553361180637865,0.126431155415919,0.7485617955658698,0.1554886906814435,0.7728303085519244,0.11942344153264989,0.9540580924603794,0.027596461969755143,0.7949635799291008,0.1387547311169093,0.04088864149326546,0.019164902366029454,0.021037194395624913,0.01141004987199604
hef_gbdt_e5_official_ditto,60,6,18,0.7608690161514834,0.12960932603680062,0.7424285494222828,0.1594230557166983,0.7899807818307407,0.11134230094919158,0.959619865647897,0.026750060252606015,0.8023462578768427,0.14200891735315724,0.039888125887429654,0.020839414997359584,0.02325807352196446,0.017102935446939204
hef_gbdt_e5_official_ditto,65,6,18,0.7759217458095631,0.11199953720827875,0.7583770174962253,0.13006765679679105,0.7985345893940391,0.10318205803144663,0.9614927322311796,0.02384660282226424,0.8133503088795138,0.12750491074149048,0.03906671945207684,0.018612783781966322,0.025542158280019444,0.01740554858177335
hef_gbdt_e5_official_ditto,70,6,18,0.7719416328033675,0.11651046676045042,0.7669157816693365,0.13890488005608073,0.7874006604152655,0.11892978150098102,0.9627793775327584,0.023361303244724723,0.8221138828515904,0.12318927696575303,0.03931625851266545,0.019426178738843097,0.02433876110026532,0.0161324581352835
hef_gbdt_e5_official_ditto,75,6,18,0.7691806870277548,0.115040746461092,0.753231189936168,0.12814582255723486,0.7947602214671317,0.12061779986176155,0.9618021918959994,0.024685964334923666,0.8223218303123699,0.12199847562607245,0.038978172561480305,0.01777772075775291,0.025195657109534926,0.01829961810365704
hef_gbdt_e5_official_ditto,80,6,18,0.7803223483990676,0.1105230720656602,0.7672360687542478,0.12584173531163473,0.800081944816472,0.11265659938441097,0.9638589672238244,0.02399353514644004,0.8276043634344985,0.12472135680997355,0.03715463799780423,0.01816105395847075,0.02214682584836537,0.012308340530843728
hef_gbdt_e5_official_ditto,85,6,18,0.7782054302107451,0.11579733336544978,0.7605981384362852,0.1355226037587617,0.8013507560723383,0.10405240925822343,0.9642974387088062,0.024550214679169045,0.8282597811359846,0.1228442921679984,0.03763931399159003,0.018198607994892854,0.02256097009041833,0.01238954154927122
hef_gbdt_e5_official_ditto,90,6,18,0.7908790948407367,0.10299597220901646,0.7830886716428221,0.12926988104069737,0.8060603322943314,0.09730897660181351,0.9679160660923294,0.01993339268846387,0.8408397554550466,0.108896019553844,0.035761440992759665,0.016646595158877356,0.023389050554634715,0.01452652388126642
hef_gbdt_e5_official_ditto,95,6,18,0.7934347609368556,0.10733856283409181,0.7915603762225458,0.1147477966888899,0.7991988747019181,0.11343392415100907,0.9662228966348627,0.02288970834134602,0.8406150613085744,0.11373173630281225,0.03567359177121517,0.01800150469713814,0.023518147673074936,0.01710806709803126
hef_gbdt_e5_official_ditto,100,6,18,0.7969631368108535,0.10708606612185068,0.7863589203876994,0.1234179679652336,0.8158612900068205,0.111841412210586,0.9688523446484497,0.021086435875020508,0.851538040179425,0.10860603043144039,0.034533594188582734,0.017164711716995094,0.02206115912577524,0.015191720008588011
hef_gbdt_e5_official_ditto_mixda,1,6,18,0.44089609089926307,0.19488537216325466,0.3422792985511797,0.22078206888191002,0.7267792441039419,0.12494774009001153,0.7850420574083345,0.11307647567361932,0.3656038395791347,0.2531184999607696,0.0872476274075839,0.0228510584174994,0.06609730593254154,0.030511880018592362
hef_gbdt_e5_official_ditto_mixda,2,6,18,0.4927042245107047,0.17735943495905535,0.39724698787315377,0.19875468368285662,0.7061380114650903,0.12921214135005746,0.8529978640451018,0.0673069709660161,0.4456226835888391,0.22480600535766537,0.08248338217963422,0.023986377140833407,0.061774874986476436,0.025703807218423837
hef_gbdt_e5_official_ditto_mixda,3,6,18,0.5451634530511971,0.16464582617398996,0.47389015815425123,0.17973470184962065,0.6618392058755088,0.14691107714396132,0.8827303621910354,0.05714124449362064,0.5231704834057441,0.20915007110464612,0.07618343006455408,0.02297815702017084,0.062370409741218054,0.024536168134817328
hef_gbdt_e5_official_ditto_mixda,4,6,18,0.5741281885620968,0.15494340747476748,0.5352117785489675,0.1653404623439467,0.6337843136158947,0.16095546102559402,0.8915853778003293,0.051042187321630406,0.5514399949801134,0.2018503488868555,0.06918786771562646,0.021826592828846216,0.05146180622729385,0.022230817006513696
hef_gbdt_e5_official_ditto_mixda,5,6,18,0.569723089372139,0.16474837022093725,0.5300917440652249,0.20416579305499602,0.6627797604758552,0.1524261647295842,0.8927894161691958,0.04974724729776256,0.5645363649645051,0.1993641097665078,0.06949089042969261,0.024867802621873887,0.05166618922074718,0.027444558112821725
hef_gbdt_e5_official_ditto_mixda,10,6,18,0.6141434233100851,0.170387664039167,0.5788530340048516,0.23415098297445538,0.7059866050479092,0.1305824095225128,0.9083993677245659,0.05099509262439933,0.6172878671952354,0.21760117482525332,0.06228596440488113,0.027226890192524403,0.0373814126526234,0.029053179669717683
hef_gbdt_e5_official_ditto_mixda,15,6,18,0.6447527482472754,0.1736853409139412,0.6040107709335116,0.21719723319597692,0.7225643159634306,0.1312543398135381,0.9217092114478933,0.050330582248282775,0.6589953376953671,0.2152417056484284,0.05795689516842346,0.027547312431281522,0.035986772935369,0.026095744562807735
hef_gbdt_e5_official_ditto_mixda,20,6,18,0.6434969866421928,0.16794181508458186,0.5991900165363773,0.21541720920701316,0.7248492235575087,0.12008182276183499,0.922253740952824,0.04788612954136885,0.6520861099514412,0.21136220873717243,0.05920556015217387,0.02820143470120067,0.03699868267079977,0.027814253033508738
hef_gbdt_e5_official_ditto_mixda,25,6,18,0.6610123322545435,0.1767705067826023,0.6190857035402155,0.22437297566181091,0.7404024041557787,0.1189728256327304,0.9250432297212604,0.04892617540011169,0.6794606724674297,0.2127698274224185,0.055956003743594385,0.02771217612167853,0.03796359698922206,0.0258631849329372
hef_gbdt_e5_official_ditto_mixda,30,6,18,0.6633116046478321,0.1760506439802038,0.6352794811978761,0.2235693886998486,0.7270290326274531,0.1254787807364009,0.9277980103566283,0.04862473775513581,0.6830653211847341,0.21224766999879677,0.05545856971830069,0.028084630137667724,0.03500956685780934,0.026726182620926874
hef_gbdt_e5_official_ditto_mixda,35,6,18,0.6831471136223387,0.17555105919360048,0.6472697553977756,0.21754771176928725,0.747462898732966,0.12567034227737214,0.9345040294127466,0.04835327533628995,0.7113698234108622,0.20944902182617228,0.05135863248775123,0.028124182663169316,0.03157413614278338,0.024203894403016707
hef_gbdt_e5_official_ditto_mixda,40,6,18,0.7260308386631593,0.1371027368963803,0.6917670598704142,0.16063701002959163,0.7737414286155839,0.11513180772347095,0.9494578077595865,0.03465175920792245,0.7578228547297186,0.16627111060159633,0.04523454297367085,0.02168395519967305,0.02595698607634111,0.019746683255362343
hef_gbdt_e5_official_ditto_mixda,45,6,18,0.7336972521396037,0.11777063569739574,0.7125632584219613,0.15416904753303234,0.7697679594977916,0.10313156417408342,0.9542340768211223,0.025926347321183346,0.7784547374189016,0.13423116824418085,0.04399525163652415,0.019236790660805324,0.02393026612094017,0.014661023084072806
hef_gbdt_e5_official_ditto_mixda,50,6,18,0.7578410195211528,0.12243984125073015,0.7587023803603304,0.1500070495306702,0.7645191643536463,0.11624277426045185,0.9587018825481988,0.025428318382261374,0.8053578663438747,0.12633820233474186,0.03931029305615406,0.017598218583799632,0.020213092906961303,0.010288440271738659
hef_gbdt_e5_official_ditto_mixda,55,6,18,0.7625505551838786,0.12080047956011268,0.7574626797041608,0.12966889466558384,0.7772818905756848,0.13496243066537658,0.959927196649215,0.025131278641361065,0.8082815667799359,0.12737986002419058,0.038759151960118664,0.017062359185857485,0.01934819924204929,0.00871611042623556
hef_gbdt_e5_official_ditto_mixda,60,6,18,0.7762753079100913,0.10758134651627285,0.7617410422382168,0.12665924677847276,0.7956259516800288,0.10055379757269374,0.9644648652368333,0.02122593361014116,0.8258779859500017,0.11514478386281153,0.03728536409645272,0.01685061342249321,0.020578510846669597,0.011176808654676578
hef_gbdt_e5_official_ditto_mixda,65,6,18,0.7730108529350084,0.10500018750681078,0.7726140512321638,0.11033296861214387,0.7792789392443467,0.1183882596556909,0.9638371648749215,0.02146544489246829,0.8244933667890262,0.11230431665177178,0.03839899213128573,0.015587964868625424,0.021714547355293295,0.009642284013727156
hef_gbdt_e5_official_ditto_mixda,70,6,18,0.7820107764157171,0.11794373709207147,0.7672473646491151,0.1401652325490561,0.8052441916997646,0.11364390858768646,0.9623982101170996,0.0258299824800086,0.8232735411126555,0.13084980457701548,0.0376288481344862,0.01988144493051047,0.023704271537194625,0.017928777777375043
hef_gbdt_e5_official_ditto_mixda,75,6,18,0.7725870419373191,0.11685713918950978,0.7592037053253469,0.12968357408491862,0.7930717323663816,0.12453902521709509,0.9625997497363334,0.02623902467831372,0.8248962643604314,0.12125420073404383,0.037656393764451505,0.01710802382539827,0.022608384877640823,0.010420124788360404
hef_gbdt_e5_official_ditto_mixda,80,6,18,0.7767985986794266,0.12535470638053697,0.7735637007174953,0.13034864883315467,0.7913286705078546,0.1434265498877257,0.9619644965819018,0.027621783072393352,0.8201639783634967,0.13496353261654617,0.0388257646559398,0.0212806269839571,0.027317234863862255,0.01864221163849098
hef_gbdt_e5_official_ditto_mixda,85,6,18,0.7943841859037291,0.10111575996847325,0.7826001519627436,0.11194996612047912,0.8126434714925584,0.10809185942984947,0.9672102651446565,0.021024696805332647,0.8406314911113032,0.10747396280820044,0.03570647937713784,0.016772299913010068,0.021239892794095393,0.016800852363011147
hef_gbdt_e5_official_ditto_mixda,90,6,18,0.7931786026803913,0.10528773204032725,0.7676403093204966,0.1342271182589141,0.8300339104765216,0.09422990425493231,0.9690356429529248,0.019331852831012693,0.8443096007594765,0.11034010923475054,0.03792260263876281,0.02081301849736059,0.030555622134854587,0.025592741678190447
hef_gbdt_e5_official_ditto_mixda,95,6,18,0.7909307077898888,0.1035836269016636,0.793086629880164,0.11536462752265528,0.7936441762788327,0.11034447770824922,0.9678795488220384,0.02133242208040479,0.84335132903078,0.1086860967267057,0.03623895177444361,0.016689369068929913,0.02283339716385919,0.011786469991382869
hef_gbdt_e5_official_ditto_mixda,100,6,18,0.8025098462034822,0.09863316946706871,0.7975892896058214,0.11471419651311297,0.8129141146290232,0.10099055811541173,0.9716882922568915,0.017858803775494037,0.8597377628036696,0.09654086309826011,0.03468617707515627,0.01650610908670898,0.02422371404526356,0.015243369071118607
jina_finetuned,1,6,18,0.7104174651679735,0.09907677891100307,0.6578417673193047,0.14306769838283817,0.7898841228750177,0.07481683183427518,0.9525899499617324,0.022837329172160303,0.7264038075053819,0.11896349525001487,0.06159917638044737,0.015571026994198238,0.0801997010281098,0.033824271280899265
jina_finetuned,2,6,18,0.7109271425215361,0.09916997032999651,0.645267838925838,0.1188692473095139,0.7978508801133849,0.07723570640871769,0.9534656133329016,0.02387290732930447,0.7427210052465625,0.11422227100470492,0.06535574420600582,0.015553083021485715,0.09247286228687294,0.04254173890742317
jina_finetuned,3,6,18,0.7285533307394879,0.10229002511184095,0.6847837102590496,0.15089287336093832,0.7951505697312998,0.06755472547761467,0.9490885391157718,0.03227570364590655,0.7572415288499991,0.12143579860464568,0.05942328750903315,0.01643335960805422,0.0727105761081351,0.04036690408616662
jina_finetuned,4,6,18,0.7327490684590672,0.09696592798544693,0.6821285843305892,0.11027668419742027,0.7951579537684472,0.08612499279104233,0.9443360063732856,0.03751854590237965,0.7525896573014552,0.11946011588133416,0.06035025568546229,0.01856262767826375,0.07413064011599993,0.047502339034085087
jina_finetuned,5,6,18,0.73780080143117,0.09768461649907104,0.6844145117197502,0.1349125827840343,0.8115467416903606,0.06477519868093706,0.9511173907359439,0.02440276632702472,0.7585522704310542,0.10918975634364285,0.05291869115155021,0.019079279750602512,0.05191935318510474,0.03556044275388614
jina_finetuned,10,6,18,0.7659018112540154,0.09584100858826772,0.73096830158108,0.13493610089660976,0.8139325563534024,0.06486394829574535,0.9430018127162779,0.03381515538338764,0.7719327853794421,0.14229340277243485,0.046668573819791725,0.01876435568984644,0.03748147191967757,0.021136083605675145
jina_finetuned,15,6,18,0.7711723909870838,0.09229716230610142,0.7306789311120999,0.11849199339177599,0.8212860038274294,0.06710650842189779,0.9417960007549815,0.035845500521959006,0.7717932118482922,0.12618320268356092,0.04834987595096575,0.019072936806630386,0.04273003804765102,0.017937984509529065
jina_finetuned,20,6,18,0.7833553793348605,0.09402647622985724,0.7500798344673696,0.11953512033246153,0.8246333657182459,0.0707591234624737,0.9429853699966243,0.03459502422143743,0.7861068155644421,0.11594275841435597,0.042989191064130905,0.016117194210285995,0.032331427283215565,0.013520431914515912
jina_finetuned,25,6,18,0.7866762281106853,0.09361793417932805,0.7497293350705113,0.12920641551334455,0.8342411112873913,0.05556242001858846,0.9518034104818598,0.029054334920360917,0.7995160586916465,0.11633718742104522,0.04404991131914529,0.01917149827015214,0.036017440125091116,0.019465299202613803
jina_finetuned,30,6,18,0.7900683382992477,0.09183911240292009,0.7519915857841408,0.12840377520570315,0.839843055280267,0.05612163943324326,0.9479629072677849,0.0314766513174372,0.8044936146090907,0.11259189264041587,0.043348192471883686,0.018380600258144492,0.03538581003662226,0.020144839630977678
jina_finetuned,35,6,18,0.7975187689552842,0.08948001090533152,0.7565944202039325,0.11713222591100707,0.8478112663762009,0.06097361757415426,0.9550169028865859,0.028475408166188088,0.7956997779188986,0.11217309962839973,0.04358295001047225,0.017844105566029674,0.03490314324163309,0.016551628860348624
jina_finetuned,40,6,18,0.8020216607299653,0.08480159137040723,0.7595597812006949,0.11868628783003293,0.8562555175334993,0.05359576030060263,0.9596571992795355,0.026592622770571013,0.8151176148579818,0.1039769614065103,0.042159000756784366,0.014548733619104802,0.037600516715340204,0.013788978686425332
jina_finetuned,45,6,18,0.8033951665169151,0.08821846659227985,0.7652134386540538,0.12766175764663273,0.8530837198956822,0.04848169074564561,0.9567172121640017,0.026749332268481075,0.8146364011777609,0.10932292799488152,0.040411514660424794,0.015571070985093114,0.03159997097536455,0.012837840805561714
jina_finetuned,50,6,18,0.8052388227723091,0.0847014409377632,0.7717210906070321,0.115121941541421,0.8469087352652589,0.057889233734636426,0.9561205879167127,0.03357829403546904,0.8221346764596713,0.11348283668925498,0.03816138686469372,0.01447675764065565,0.0273603205949533,0.01195848077345732
jina_finetuned,55,6,18,0.8058674186858011,0.07960098670462681,0.769554607497722,0.11052792222086268,0.8513980487457188,0.054151104019649,0.9543826639847852,0.026231859633909824,0.8168486187344166,0.10341705279852866,0.040269894287696444,0.014560005383067936,0.03244153958907807,0.014335803225862564
jina_finetuned,60,6,18,0.8110573325906699,0.0840026951689724,0.77445175954332,0.1197364395118237,0.8579127355352686,0.05087306897509237,0.9614855290952916,0.02592481792648745,0.8224177418162582,0.10835992331249819,0.041499679823062685,0.01665179137471144,0.03728778002034211,0.019187032255954053
jina_finetuned,65,6,18,0.8179481298517267,0.07352107872193414,0.7902804988799164,0.10325311619517345,0.8522820748338464,0.05314280412064412,0.9619819689732722,0.022183263586385293,0.8403979082688012,0.09591757773626176,0.03768300747913818,0.013803234756025485,0.030590662966487357,0.01280756222254089
jina_finetuned,70,6,18,0.8214261979133569,0.07763213366644207,0.799276189534259,0.10495004540757046,0.8487213429950153,0.058004071200835845,0.9616297754793802,0.024342143543064736,0.8300671357828592,0.10576776381184509,0.03863336752332005,0.014926526062480868,0.03308022222891608,0.014601473604334688
jina_finetuned,75,6,18,0.8236952251639814,0.07961075062449462,0.7913029204062363,0.1125842165426777,0.8640239191648887,0.051662775323637,0.9620628570796984,0.02219556004573407,0.8297142588080334,0.10288122598911936,0.03812372849501518,0.014863463217075734,0.03322526893014013,0.014408003893080322
jina_finetuned,80,6,18,0.8211191690729626,0.07270966087178252,0.7954167252527882,0.10462300717227224,0.854273735730801,0.056387908728208695,0.9673254285699434,0.01848987246306764,0.8413857716525577,0.09362553441385951,0.0377098716750312,0.014546766591429313,0.032719238976752336,0.013684010792945173
jina_finetuned,85,6,18,0.8187278343584666,0.07661898765426961,0.7927690004413515,0.10560814931463623,0.8509221005506868,0.055886287435073734,0.9638207193188217,0.020570278191895972,0.831257413801288,0.10076292623103046,0.03911929874966713,0.016097242974014162,0.03645551482371845,0.018864861354899513
jina_finetuned,90,6,18,0.8215925414830713,0.0786535027987016,0.7851633368183085,0.1062120920239772,0.8658479429226784,0.053644027721364354,0.9672068703073436,0.022036614716774997,0.8371795671682067,0.0994055559925676,0.03895777898492175,0.01472744830821507,0.03577825241448515,0.014014025339926546
jina_finetuned,95,6,18,0.8213535136999396,0.08030220235243411,0.7831522019957622,0.12109517948503067,0.8716955433172211,0.047661968854969296,0.9674294197848553,0.01771636974827037,0.8388441871851694,0.09408080847625072,0.03795244746176338,0.015363472130284031,0.03278871494057153,0.01508276750311346
jina_finetuned,100,6,18,0.8229103115286852,0.07519408527618787,0.7972848917837224,0.10383867871961576,0.8553652656501559,0.06001030731089146,0.9691776598130643,0.016732669079145935,0.8374729753307419,0.09540163973391508,0.037479077637580537,0.015138068058070199,0.03288948741264262,0.014479825822692388
joint_neural_hef_bert_finetuned,1,6,18,0.3070043795354403,0.21143436722602588,0.2510476976595067,0.2480479926879483,0.6335575469004381,0.2568937908208305,0.6448929761458561,0.15140450298035504,0.25783761775923053,0.25591831528770786,0.2056262522705355,0.054777409303951675,0.3267905717274585,0.09691613677487386
joint_neural_hef_bert_finetuned,2,6,18,0.3186558062787334,0.21994498590775918,0.26927929350642693,0.251671572326487,0.5602868930629549,0.2279529371622566,0.6639189017309333,0.15677063746038133,0.2843053510070705,0.2661632282138448,0.1915251122282607,0.06186915787777,0.3015600484677785,0.11493845386795644
joint_neural_hef_bert_finetuned,3,6,18,0.3354877058977067,0.2182200385122158,0.28514311796294955,0.2611366649974436,0.6033243518347732,0.20779808388660514,0.6796254543471503,0.14730010567566335,0.2930163321826731,0.26907649207061296,0.18731369066772838,0.06554471630744989,0.2890498408496537,0.12162390876884316
joint_neural_hef_bert_finetuned,4,6,18,0.35927800001904675,0.21959508585055523,0.30596184676592075,0.25954217848603833,0.5813327432486008,0.17711816975032457,0.7173579823930895,0.13861067817264514,0.3197109678714506,0.2673963321518482,0.17366439003552522,0.06566862076130936,0.2659499129445635,0.12507025657744486
joint_neural_hef_bert_finetuned,5,6,18,0.40418309424825954,0.2273011601107226,0.34855300936406486,0.26388549841106035,0.6104793210222893,0.14562171582550967,0.7508191694105735,0.15331514582888417,0.37644440653941824,0.27906899928744155,0.1411156684191773,0.06964935268092931,0.1938929351064025,0.12912137158905979
joint_neural_hef_bert_finetuned,10,6,18,0.5317737947749661,0.19099491070046704,0.46551715299119156,0.22903918745980872,0.7009726568913819,0.10839542876559427,0.8630748232151206,0.10189652619440087,0.5288919713641093,0.2452478992157727,0.10807651298433092,0.05485403135276571,0.1331841873006574,0.10283495420723812
joint_neural_hef_bert_finetuned,15,6,18,0.5774421325803372,0.18470664920299165,0.5278288199191904,0.24059900421350247,0.7085354964008987,0.08778569386584355,0.8921826956925508,0.08004979043782727,0.5791985125061649,0.2437887405124831,0.0977337758480402,0.04674970927090776,0.11359996038312001,0.07629434011366641
joint_neural_hef_bert_finetuned,20,6,18,0.6127700554802145,0.1791593649673988,0.5627015719963488,0.21984771318229923,0.7145965264111884,0.09752148118742392,0.904180847984714,0.0743540080754889,0.6200516834590852,0.23775088523595325,0.08451026571593366,0.046047935386567956,0.08049230292194166,0.059368673301814015
joint_neural_hef_bert_finetuned,25,6,18,0.6213173958995485,0.16450698255339077,0.5723135038094951,0.21356584288943756,0.7173172239532553,0.08765778775001988,0.9117282493698305,0.06514454405369627,0.6251773244329966,0.2223485731335061,0.08732392255570916,0.04375001290506443,0.08513387844833764,0.05087786338622364
joint_neural_hef_bert_finetuned,30,6,18,0.6437017423485097,0.16572381526848914,0.6001154176307909,0.2165860058257506,0.7396094301196503,0.09433841153236798,0.9210129047925223,0.05844763567116074,0.6634964595763341,0.21624875280218145,0.07754222583561429,0.03761968487470424,0.07423567757969997,0.041194445017792215
joint_neural_hef_bert_finetuned,35,6,18,0.6804933059603582,0.13280537829262284,0.6459583869618245,0.18560798645825624,0.7429420131396086,0.06936979183681014,0.938707758666331,0.040420358222056446,0.7110086298938911,0.17140395550028173,0.0726100943534558,0.03360160289756019,0.0726219034030006,0.03908795548582246
joint_neural_hef_bert_finetuned,40,6,18,0.6917795673848344,0.15436870555730242,0.6520553492160567,0.20569277373126413,0.7652628251348006,0.07276152774126635,0.9369752178429424,0.04809558589625336,0.71605951705214,0.19878252315819994,0.06530785189218766,0.03535656338542182,0.0535273317460992,0.03431649642216643
joint_neural_hef_bert_finetuned,45,6,18,0.6983210991314609,0.14444033559354233,0.6604659368056217,0.18836252084958166,0.7588046993427042,0.08267146156277519,0.941172660598357,0.04395408116003456,0.7274478656357902,0.18214659778168055,0.06597820088391136,0.030108596892491207,0.05652762978626195,0.025030156469359157
joint_neural_hef_bert_finetuned,50,6,18,0.7115511573237618,0.13328513214818666,0.676740675085393,0.17966983037497697,0.7657787308850071,0.0759442850927452,0.9465540848438511,0.03814175928607285,0.7524006108810586,0.166329611766465,0.06335477014237544,0.0310382102994108,0.05602856893876898,0.02732185550710972
joint_neural_hef_bert_finetuned,55,6,18,0.7256789849613403,0.1253245354357106,0.6954877892108021,0.15587636431602184,0.7656399713518448,0.09499705792839289,0.9507004361529683,0.03338105381720021,0.7720917865062051,0.14776922860805253,0.060115655474468725,0.02995978695357813,0.052924452182016274,0.03192300984024322
joint_neural_hef_bert_finetuned,60,6,18,0.7269276168555113,0.12520234583269155,0.6892069105704013,0.17051702069524377,0.7832411440114879,0.06569504655967398,0.9512734019046631,0.033961128448224055,0.772371635912505,0.148205122125007,0.058576107836309274,0.028493456131067546,0.05081446458741331,0.027347249327643798
joint_neural_hef_bert_finetuned,65,6,18,0.7332808839156039,0.13670486462965337,0.6989720218950514,0.17100212564656228,0.7821975639704734,0.09611896988946994,0.9515944695105152,0.036577989586425164,0.7755305052979955,0.1591217282687084,0.05718174880438215,0.030638693520077403,0.048854827418647995,0.026559781743401963
joint_neural_hef_bert_finetuned,70,6,18,0.7464713655420108,0.12797286429654894,0.7197887640458799,0.17021301404679234,0.7905678334932992,0.08237420998314715,0.9554622049238319,0.03249584545426466,0.7998743678586377,0.14172544514905544,0.05290841662978731,0.026785345044036124,0.0467770377782194,0.024498051755374745
joint_neural_hef_bert_finetuned,75,6,18,0.7386800311378497,0.131678559504886,0.7023393514240773,0.17516884870804325,0.7962032914517446,0.07964972540977032,0.956050910038622,0.0330585694793168,0.7935445001443624,0.1462188406605205,0.05493827000918776,0.02810366329586513,0.04666162118486742,0.024415583279313178
joint_neural_hef_bert_finetuned,80,6,18,0.7537613508869142,0.1145491986125034,0.7297719584770422,0.15648916908611213,0.7906240914703949,0.07546764377180719,0.9594458248738527,0.027597545461134364,0.8115722148373263,0.1282262859997461,0.0509951630962696,0.023955922514765696,0.04443580126207742,0.02247733874724781
joint_neural_hef_bert_finetuned,85,6,18,0.7515427440015389,0.12445918831066469,0.7159215242504451,0.16545254665552367,0.8026368775631985,0.07709237738574985,0.9577308758222247,0.030358000287881055,0.804346088335303,0.13619845624674207,0.05106849030091438,0.024863778007351855,0.042964320821564046,0.021714337377342185
joint_neural_hef_bert_finetuned,90,6,18,0.7606512529512013,0.11475575027546613,0.7388364897763512,0.14111881242445043,0.7908200969617372,0.08986668027719898,0.9616430542484041,0.02700275066974605,0.8160358957828241,0.12135557634641932,0.05135759979594401,0.02393052480822365,0.04593633591405527,0.021585173985707473
joint_neural_hef_bert_finetuned,95,6,18,0.7582030994607712,0.11405214466486407,0.7241478715835502,0.15012909906650088,0.8057068356625008,0.07887089692448133,0.9624819609076605,0.02686105865138845,0.818362220944776,0.12169904155680704,0.05193402698780388,0.02345778250571899,0.04638305214747503,0.021569639614418695
joint_neural_hef_bert_finetuned,100,6,18,0.7681855907001325,0.10909359094284765,0.7341851188334263,0.13988960975192027,0.8141344693324337,0.08586912420202866,0.9636011629001695,0.02602376715237099,0.8278194996633683,0.11458692478363854,0.049313865959838526,0.024863848893738646,0.04321833176892753,0.023972279561695346
joint_neural_hef_bge_finetuned,1,6,18,0.29330411481771484,0.18971130748238352,0.22076987789334845,0.21051760564806563,0.7080289513188217,0.21656242673133314,0.6352798155962591,0.13804034957010233,0.23785355494061275,0.2345126358990249,0.21357526630918194,0.05067185074448816,0.3372492415117501,0.09274155190445625
joint_neural_hef_bge_finetuned,2,6,18,0.3141249907877954,0.2042926081582063,0.24687164517349997,0.22846509065633916,0.6309142644432817,0.18665537829063447,0.6575821163872618,0.1448212707324174,0.2568140002267131,0.24414714603387958,0.2027835599873979,0.055644066551370164,0.32022815787735276,0.09940829792501411
joint_neural_hef_bge_finetuned,3,6,18,0.3185887576579587,0.20977630023199884,0.25448163964098447,0.24098763442176713,0.6251282304953516,0.20227932440813398,0.6781394872429054,0.13670442996394402,0.26828354652180963,0.2479551642201174,0.19643046774976228,0.05771662959406382,0.304851376574508,0.1113701201044619
joint_neural_hef_bge_finetuned,4,6,18,0.3395236641988426,0.21481298863087567,0.27209649050896395,0.2474841292561436,0.6221517388653395,0.18185831398406907,0.7013516247489519,0.13612895963240582,0.29112335336160133,0.25696728483158626,0.19016938692076937,0.06426978563711637,0.29359652267699904,0.12307277894151486
joint_neural_hef_bge_finetuned,5,6,18,0.3489759451505456,0.2115390340891475,0.29314592032025427,0.24297184627584298,0.5757855748073566,0.19830216944371937,0.7121451455171922,0.13669761949793033,0.30474847244916176,0.25420031807121635,0.18256194067239145,0.06611630902480703,0.2813655153971136,0.12014992218993507
joint_neural_hef_bge_finetuned,10,6,18,0.4527264747420061,0.19926665615052738,0.39202238807396683,0.23097379353181513,0.6313973720018458,0.15370542848457902,0.807649829779522,0.11129040104940006,0.417667744259236,0.25188808929522205,0.14899801179688124,0.07408121794775788,0.20251913651288134,0.1303602087300306
joint_neural_hef_bge_finetuned,15,6,18,0.5153213651612663,0.18987690123968468,0.44312096102400333,0.22678068551820627,0.6722321473213034,0.0994449562492288,0.8551906196047225,0.09231990209049197,0.4916642192160217,0.24663660504068674,0.13644382169051117,0.07854470888364032,0.16848295981296157,0.11234927941342962
joint_neural_hef_bge_finetuned,20,6,18,0.5279210742446953,0.19408829720557438,0.4652291073894845,0.2338198575392634,0.6711465243163686,0.104324115729299,0.8552340275857697,0.09782725458927366,0.5033885921398423,0.24888717708464922,0.13374100214479165,0.07894878430504704,0.16521991014689258,0.12726575638076348
joint_neural_hef_bge_finetuned,25,6,18,0.5319458069981126,0.17643333254495128,0.47449026564994684,0.21421856494026634,0.6539116886985827,0.12008639312876065,0.8681169760554149,0.07586137401797836,0.5086415244593258,0.22725240283998902,0.13548396432499976,0.06321120797449646,0.15778873675342703,0.08548305913715477
joint_neural_hef_bge_finetuned,30,6,18,0.566993375942002,0.1821262091666069,0.511587875869601,0.22262616567285276,0.6867295693074152,0.09573418249422913,0.881399263226725,0.0813836764712625,0.5622764451675154,0.23346778746753777,0.12351796313170249,0.07430968762904597,0.13541147676173973,0.09882928008579571
joint_neural_hef_bge_finetuned,35,6,18,0.5996343458744093,0.17843563597610787,0.5430461786237653,0.2203806834977084,0.7071351207569327,0.09610403123322313,0.8995789289274697,0.07377140050900433,0.5984604620184973,0.23409002124262898,0.11542923762571082,0.06766355281039173,0.11814382186127292,0.08209172874075296
joint_neural_hef_bge_finetuned,40,6,18,0.6053018533520919,0.16945227364950985,0.559455965400231,0.20930377948064166,0.6862728431512073,0.11344229587927489,0.9022774579835148,0.06622485455270329,0.605616012904052,0.22213081929968082,0.10779262049495893,0.056298187565810974,0.10931509280362811,0.06382707042408965
joint_neural_hef_bge_finetuned,45,6,18,0.6067588766701032,0.16072171752079942,0.5502598425577439,0.19789378291299092,0.7026280558155569,0.10171684235646575,0.904823770774711,0.0628263728839232,0.6050456532717482,0.20896747065990762,0.11361100695081425,0.05466549314466329,0.1170337395482384,0.05838335886494043
joint_neural_hef_bge_finetuned,50,6,18,0.6264255253071267,0.15928624435749028,0.5816011019766294,0.20436961456418545,0.7048692272006322,0.08697196103777559,0.9143676300135809,0.05951851211390014,0.63735593860747,0.2059188728218419,0.10193059297861871,0.053552958276306795,0.1012848319696561,0.05686901450602751
joint_neural_hef_bge_finetuned,55,6,18,0.6355808311946084,0.16031797204430506,0.5874585387505766,0.19855166063880417,0.7177721458890867,0.10283333748842252,0.9159455942514515,0.06056492455453263,0.6412582839227319,0.208515797874555,0.10206636923775517,0.05728891862754756,0.10163248576751653,0.062298253811248185
joint_neural_hef_bge_finetuned,60,6,18,0.6484772278570785,0.1576983165397712,0.5986437583745928,0.18761268779751147,0.7239432081662911,0.117603848291334,0.9221702302630796,0.055727731692248525,0.6507070004608366,0.19678386451713586,0.09538250015247716,0.04529695106444577,0.09167544776597837,0.04565696704852915
joint_neural_hef_bge_finetuned,65,6,18,0.6641868872575216,0.15869166347976504,0.6100820024323238,0.1845733122738241,0.7423613878685897,0.12224913773107393,0.9252231456960629,0.05735136371504949,0.666988103357023,0.20924002151927154,0.09373747744122671,0.053979666646102584,0.08901646400038175,0.055603598244934
joint_neural_hef_bge_finetuned,70,6,18,0.6650060565709329,0.15431981008121473,0.6177042117121051,0.1873620362118238,0.7362634588835102,0.1103498157126904,0.9282426909734278,0.05412518614720915,0.6790259366816427,0.202722384224282,0.09140030382548173,0.04999978071025793,0.08820442521577548,0.05199334405664698
joint_neural_hef_bge_finetuned,75,6,18,0.6806350524061539,0.14034540216109148,0.6434711477442285,0.16743355991562306,0.7348244125773847,0.11576824584706431,0.9361782379622605,0.04780552654084437,0.7078944944647657,0.18980740643828942,0.07928132870563699,0.04055132325631943,0.07532046220192914,0.039641909709747854
joint_neural_hef_bge_finetuned,80,6,18,0.6833568842303137,0.14946409546305828,0.6394192812247862,0.18431705290273995,0.7506309373991853,0.10638186512669369,0.9365195122925157,0.049806163728024676,0.6987369031825712,0.19373076268813308,0.08154156258745117,0.043379961669352866,0.07829245421540945,0.04210352426572645
joint_neural_hef_bge_finetuned,85,6,18,0.6959228410722512,0.1346164341057714,0.6381856445410138,0.16007002993627453,0.7775248811338991,0.10214941148331512,0.9418436669663592,0.04111252582006695,0.71970333771074,0.17035287306905783,0.07418958996837252,0.03579900003873091,0.06757287506352055,0.03502383460570179
joint_neural_hef_bge_finetuned,90,6,18,0.6849436461402447,0.14271613264927374,0.6295708406985012,0.17246186416628914,0.7644748364834217,0.10683047840174657,0.9397879745681492,0.04471139630414455,0.7098041594911944,0.17658676439721532,0.0807330237208671,0.042076420406147334,0.07631995414960721,0.042559065815952216
joint_neural_hef_bge_finetuned,95,6,18,0.6913001509280259,0.1326177880856049,0.6485840198646524,0.1519175088411692,0.7502274233471476,0.11605439530425161,0.9430133265692844,0.04163708433066354,0.7212010280826702,0.17171606424022776,0.08009342566639838,0.036537035616433226,0.07656456508783925,0.038719246740958106
joint_neural_hef_bge_finetuned,100,6,18,0.7041497758971915,0.1361415523335067,0.6606494145230616,0.14579529647257222,0.7598239402994001,0.13139686733367542,0.9454339230806381,0.042044224191786855,0.7367777382798757,0.1727795571194717,0.07316780740326309,0.039354967459956924,0.06854256533861515,0.03781927032739247
joint_neural_hef_e5_finetuned,1,6,18,0.30901520196615384,0.19107104499969935,0.24177718921476662,0.22018574277635167,0.6863124604713216,0.23623217558626972,0.6482144755396887,0.14407949167290296,0.2477368406755277,0.22639916417263728,0.2154677705917009,0.0566836401439547,0.3372147716805712,0.10574117205370305
joint_neural_hef_e5_finetuned,2,6,18,0.3196475990804291,0.20599122682956322,0.258920497402469,0.2306290583408094,0.6136236770447915,0.2441114716036322,0.673479707238277,0.14469489928077103,0.2684277788849961,0.23645987511529756,0.20693815984943528,0.05311049588509238,0.3280224342121166,0.09480813074002309
joint_neural_hef_e5_finetuned,3,6,18,0.33795679114168675,0.20309135437579534,0.2738377593543699,0.22491683517487815,0.6191021297558682,0.23056372764408697,0.6938155118758165,0.14407355552473317,0.286628772404106,0.24538364998421777,0.1907975182195086,0.059400939135789844,0.2965521481333626,0.11427060921686885
joint_neural_hef_e5_finetuned,4,6,18,0.3566535251844298,0.21157494255259265,0.28851851047193056,0.228440520707771,0.6161784120137659,0.20055149767973146,0.7167109085189877,0.13873092676256232,0.3094473311310746,0.24739230239734705,0.20104022979181785,0.061709951847749675,0.30956909271991895,0.11702426764928585
joint_neural_hef_e5_finetuned,5,6,18,0.40453600368971826,0.21210133475323123,0.34382119370519926,0.23086387776820638,0.5713120882765231,0.17739834560443468,0.7583497850988362,0.13842604667110034,0.3614231383013564,0.2473211290463796,0.17741732812803854,0.06685447811029487,0.2686922196039441,0.12465172781503034
joint_neural_hef_e5_finetuned,10,6,18,0.49307060668587266,0.18651437066148013,0.41578347066917487,0.21923377019023238,0.6841644307509626,0.12340895492702483,0.8443622721232096,0.09158610118996979,0.46462874813379695,0.2356128517903111,0.14769649059237824,0.07896187284243197,0.18136602066433813,0.12916931040299862
joint_neural_hef_e5_finetuned,15,6,18,0.5376959640132799,0.17613211204761897,0.47312836890505583,0.21293605023478504,0.6758696788887107,0.10050005466103362,0.8743956513439297,0.08065385481795832,0.5191966419382377,0.22715278342311268,0.13524121430169805,0.07032950998182395,0.15105570841596452,0.09545228595994229
joint_neural_hef_e5_finetuned,20,6,18,0.5596772390741046,0.17428874726738075,0.5016189519437902,0.21137903920483325,0.6805816767416277,0.11714054008644113,0.888490854443984,0.07480214044561767,0.5511565458753696,0.2310203889180628,0.12870064504662876,0.07492811507237003,0.13189882501962402,0.08563126896931793
joint_neural_hef_e5_finetuned,25,6,18,0.5774809987136692,0.17313899118444484,0.5294290757514045,0.2009863084854403,0.6539655790275707,0.13078458801617376,0.8947147010692785,0.07221007718263824,0.569523600652645,0.22454348755892692,0.1239992454256873,0.0676699038708361,0.12842267007043226,0.08561072899166065
joint_neural_hef_e5_finetuned,30,6,18,0.5797679496886998,0.16891467193209153,0.4996605207785612,0.20492964265752606,0.7247153734987463,0.08429323569390612,0.8985496934655086,0.06844835577809834,0.5635836907688667,0.22170150016938095,0.13666516529165987,0.07093104710148602,0.15535731910520983,0.08895455776508868
joint_neural_hef_e5_finetuned,35,6,18,0.6143096985937514,0.17135073985539306,0.5626250536257765,0.21221080727550537,0.7013922902123851,0.11735705281065854,0.9116577415240223,0.06488959737600355,0.6208102061570211,0.22808716751712274,0.11422708176861085,0.06889232284747736,0.11973639236330143,0.08035792185693347
joint_neural_hef_e5_finetuned,40,6,18,0.6295153500750874,0.1581350931361147,0.5717621142906539,0.19983998164803038,0.7237066483946777,0.10754599019830785,0.9182414987649841,0.05730687591013277,0.6293346346436434,0.20494635315175216,0.10499656320591767,0.059583627692233625,0.1062291393234544,0.06594726020092354
joint_neural_hef_e5_finetuned,45,6,18,0.6389352716596607,0.1524107446206079,0.5873165557910205,0.19135971163503512,0.7238823025075687,0.0938933959556308,0.9201561850236166,0.054867168288934655,0.6338712301833413,0.20045997781413347,0.10925007028394106,0.05759019083651417,0.11335714618473065,0.06313441192666454
joint_neural_hef_e5_finetuned,50,6,18,0.6464002793348113,0.15037684185213052,0.5978231673035805,0.19473387745675694,0.7242324987828785,0.09029178905145563,0.9263322676675915,0.052006182121274794,0.6596932410805301,0.19787740117006455,0.10319911143253278,0.058183697708332816,0.10322148795836211,0.06510393931053576
joint_neural_hef_e5_finetuned,55,6,18,0.6567858727406295,0.14051155107408175,0.6137854811692278,0.17397829682120133,0.7238177511933904,0.10946896658105873,0.9310004871596556,0.04865549440262117,0.6674091419327535,0.19326946202138784,0.10406450522574691,0.059321118340143,0.10777569595528416,0.06712210652071433
joint_neural_hef_e5_finetuned,60,6,18,0.6717561690919798,0.1446850789156227,0.6221841564844867,0.1832752528104248,0.7477689010918718,0.09237753977318322,0.9346146514538219,0.04809593391999204,0.6818485726820993,0.19928712917649355,0.09179136498515808,0.05837803525678088,0.08991155866356702,0.06367505977319478
joint_neural_hef_e5_finetuned,65,6,18,0.6663733275872288,0.1484760696370224,0.628368066856723,0.18892938562121853,0.7291762247542551,0.10132642324014886,0.9334744689181301,0.049014316392741564,0.6873413620212834,0.19838924870059163,0.09450265849108132,0.05955754871532542,0.09204950094357556,0.0663835215207549
joint_neural_hef_e5_finetuned,70,6,18,0.6827967036956113,0.13469737159219516,0.6314548621945586,0.1667188364222396,0.7571901955071296,0.09654692450988553,0.9398097728692755,0.0411350917144132,0.6950175034346977,0.1771608257002408,0.0893666724170478,0.04299409589576935,0.08855929903203948,0.04501254808946492
joint_neural_hef_e5_finetuned,75,6,18,0.6845869178474532,0.13563284869162845,0.6414601361969539,0.16381658667554927,0.7487944955871914,0.10624697716298351,0.9399321501010465,0.042450312174724995,0.7091263497181355,0.18367642613619267,0.0833248626471914,0.04679783131544452,0.0797300464136301,0.0511271967149561
joint_neural_hef_e5_finetuned,80,6,18,0.6949748153200042,0.12984485177742122,0.6454133924780295,0.16269131680153223,0.7659920472323846,0.09043975979443505,0.9446751030453973,0.03946632517211934,0.7202898095908881,0.17124769183172517,0.0827475662838421,0.04338639128626868,0.07914789512502882,0.043400104064088056
joint_neural_hef_e5_finetuned,85,6,18,0.7034869293764999,0.12526369717984123,0.6648985653480328,0.15620594866744344,0.7578484322076388,0.0911643636009562,0.9476129958564881,0.03619021784574995,0.7286005278777274,0.17390493804140134,0.07976219692806025,0.043089746039699645,0.07879990469977846,0.04380464902845217
joint_neural_hef_e5_finetuned,90,6,18,0.6957874849105944,0.13429961692345713,0.6487573549281955,0.15992319956678708,0.7647916073154264,0.10915333380931126,0.9470458230113141,0.03861250664301001,0.7201507534059982,0.16950954398295415,0.08599402088029698,0.04463684642090531,0.08721294391389983,0.045736702051198994
joint_neural_hef_e5_finetuned,95,6,18,0.7133313416389488,0.11997317492155286,0.6634102064380059,0.1453527504623151,0.7803426542548229,0.09313084590740438,0.9508456893196937,0.03418379340994176,0.7486878797445662,0.15227013608097287,0.07518103938225915,0.037948866623270634,0.07191080451513539,0.039023330212123494
joint_neural_hef_e5_finetuned,100,6,18,0.7084329785232714,0.13209664754908026,0.6596926806863657,0.1725541367270475,0.7866208378352852,0.08917831670320746,0.950025363276446,0.03618388802930985,0.7334015905372322,0.1674935007668877,0.08219836491366392,0.04796441471273854,0.0793475692177856,0.04959456970028918
joint_neural_hef_gte_finetuned,1,6,18,0.37749224987000185,0.1918627903599752,0.30593637104554605,0.21803220970201725,0.6176388278715861,0.15717722691249655,0.7397650942355779,0.11502348694698131,0.3174112807609936,0.2076073904543568,0.1662536396788565,0.05157584740181296,0.25937887781293345,0.10295102679372425
joint_neural_hef_gte_finetuned,2,6,18,0.48431956667494075,0.16028828312114624,0.41060836735339695,0.19296069107236677,0.6350827512146492,0.115888348750481,0.8308173932002559,0.06632653974206237,0.42567459689012255,0.1950314831292962,0.13086404410508767,0.046606546736584244,0.20686596370581692,0.09681229065693306
joint_neural_hef_gte_finetuned,3,6,18,0.5027380456919063,0.17391574294901127,0.4268709499553547,0.2001341521441468,0.6685789762631824,0.11351576937947017,0.8374838232638369,0.0893352297902595,0.45957913689914703,0.21592096003554345,0.12096753480513105,0.05323121453948854,0.16762157699803235,0.11618248108416648
joint_neural_hef_gte_finetuned,4,6,18,0.5720822253915453,0.13459281799919057,0.49543994091445265,0.16917320737337407,0.7098332403443492,0.08145958834774396,0.8901822393329519,0.052221702699093604,0.5430431830048944,0.17588793409979767,0.09682823927377342,0.03092108136142534,0.13051294180832082,0.07439881516440769
joint_neural_hef_gte_finetuned,5,6,18,0.5751632354008233,0.14242905761300909,0.5078061647077858,0.17286787363415992,0.696259055653274,0.10349138217637341,0.8930212182299601,0.0542895693059231,0.533263637386153,0.18564019212178903,0.10071105669984451,0.03147577545310689,0.1468249808487783,0.07420873442655203
joint_neural_hef_gte_finetuned,10,6,18,0.6591734758787001,0.1305145091985184,0.6033858833037817,0.15945535474156913,0.7425819960046027,0.0905472611503659,0.9245298186111878,0.04502977618727233,0.6447644108246763,0.1685094068626717,0.07718923655361139,0.02562884316170016,0.07016212991028399,0.022376043596814565
joint_neural_hef_gte_finetuned,15,6,18,0.6790444308760705,0.12132781072980205,0.623842175834034,0.1449281709904817,0.7553300736789007,0.09601584284761398,0.9316005934437166,0.0396762345250524,0.6653278380989668,0.1696142801690278,0.0737657323831326,0.027254749467321752,0.07015193828685941,0.028132073841843533
joint_neural_hef_gte_finetuned,20,6,18,0.6908370603143011,0.1158675993267335,0.6466915161926101,0.1453708790953305,0.7516747928958805,0.08668870381715663,0.9351670315167919,0.03370305058119213,0.6904064334547134,0.15790958481930303,0.06886373459844489,0.025856787084686934,0.060099138561533955,0.023901839328790482
joint_neural_hef_gte_finetuned,25,6,18,0.7058442116555691,0.12132299572824198,0.6628914222960138,0.14999965768439996,0.7653348525913208,0.09397338222009377,0.9415870898865728,0.03258526655604947,0.7124520396433751,0.14978713630627633,0.06480684410602246,0.027062455860841494,0.05461126000540927,0.024629491076251366
joint_neural_hef_gte_finetuned,30,6,18,0.7256281941545287,0.11305297088201964,0.67838151110181,0.13935567893829715,0.7872573454967606,0.08672995262553203,0.9489519515404912,0.03203952065594082,0.7283271815564434,0.14994535846465598,0.06159458257774624,0.025482399572891418,0.05532434751976161,0.024904580394440656
joint_neural_hef_gte_finetuned,35,6,18,0.7299964054873516,0.11363763725493307,0.6801333714501614,0.14061523973640014,0.7967767583624518,0.0894524745724564,0.9499706817820257,0.029435023388362028,0.73560027056149,0.14515866983927456,0.06110718445393612,0.02541751127007206,0.054917717600510535,0.02491996314841273
joint_neural_hef_gte_finetuned,40,6,18,0.7383354924722445,0.1091416023573714,0.6989500869130635,0.1417923283149771,0.7921919191832333,0.08388123836544699,0.9505746740473199,0.02819826173451105,0.7510755874634718,0.1410824763453393,0.058959710096137936,0.02460524901044337,0.05243450162693083,0.025421580865908327
joint_neural_hef_gte_finetuned,45,6,18,0.7419750200603343,0.10613115821608585,0.6969410721624488,0.1269220280875124,0.8001225260881515,0.0948165428250551,0.9546173131542282,0.02839966565105355,0.7603414880265809,0.13737584664808022,0.05602080882644393,0.023142100550266245,0.05246874497796969,0.022958663907499042
joint_neural_hef_gte_finetuned,50,6,18,0.7399100033275058,0.10717627774663428,0.6877424933183456,0.1293503358369874,0.8083555968500215,0.09141209244267785,0.9571836709224966,0.027278438701365166,0.7615910973934984,0.14295751491926217,0.05759671614142008,0.024105751664998263,0.05201179313158138,0.0234394207392807
joint_neural_hef_gte_finetuned,55,6,18,0.7471455116526866,0.10393995097705984,0.6945366302906637,0.13134667724976964,0.8186525159551469,0.09440656155627747,0.9574403498539664,0.026398126664516436,0.7672291360353503,0.13126297730491257,0.05606074234794613,0.021864727515472804,0.05213753983807356,0.01876436237550524
joint_neural_hef_gte_finetuned,60,6,18,0.7507265651972318,0.10407705897449357,0.7002178955164984,0.12992346528358537,0.816957309672235,0.0841179867828075,0.9580146312839801,0.025835917051083734,0.766939960463135,0.12754364107130847,0.05483236396988898,0.021881005848443057,0.04885346750249954,0.019963232441156775
joint_neural_hef_gte_finetuned,65,6,18,0.7578332239281184,0.1028397812590631,0.7182427037858679,0.13232874321350557,0.8107267986035362,0.08178127068295445,0.9579765876122612,0.02676098155783616,0.7891151196780438,0.12832073880757633,0.052507902333182165,0.020819711686264265,0.04922539434056998,0.020232927112504604
joint_neural_hef_gte_finetuned,70,6,18,0.7603854773550072,0.10714281943771838,0.7209242862106114,0.1439594418770776,0.8177294644469888,0.08385159782988653,0.9618431211964018,0.025279696104328696,0.7920693372693951,0.12125348232398364,0.05125787586224066,0.022012731238876867,0.04720656093584609,0.020724173982200726
joint_neural_hef_gte_finetuned,75,6,18,0.7691187418837278,0.09642173526194495,0.733667520593131,0.12311215124680364,0.8144232346436683,0.07740816223249375,0.962684913381782,0.02530197547854769,0.7938268905369483,0.12178858015332773,0.05095005392842086,0.020345633828293117,0.04735504179407666,0.018739500922578704
joint_neural_hef_gte_finetuned,80,6,18,0.7669289492800545,0.10254613515541612,0.7230756357289151,0.1387898843442727,0.8275473978921,0.08364084336852355,0.960827096840872,0.028343515403416415,0.793899243887501,0.1276463201897075,0.05060123708251899,0.021618402265703184,0.046913498474741855,0.019678504843037965
joint_neural_hef_gte_finetuned,85,6,18,0.7736104731356541,0.10312292060931952,0.7364206861209541,0.13577023348044304,0.8250877056906535,0.08083534560079535,0.9641655353007149,0.026011039757633785,0.8109601719457407,0.12410741397996673,0.04860250261654064,0.022357253960679772,0.04486521457885134,0.021053555399852212
joint_neural_hef_gte_finetuned,90,6,18,0.7726982700577103,0.09312125773931781,0.7302056794020622,0.1234529468219614,0.8298665723448325,0.08182879912686972,0.9609290121733066,0.02486549306191309,0.8073216033091014,0.11185494258797525,0.048546567509554446,0.019246680948993292,0.04531088185133697,0.018784495726069553
joint_neural_hef_gte_finetuned,95,6,18,0.7823997022764457,0.09396167366814068,0.7577512449032278,0.12341634663829956,0.8165458218327243,0.0842465558155169,0.9646722672446055,0.024672142158437143,0.8139472475894156,0.11110843132992179,0.04738804561966879,0.01986880915668384,0.043202058531602035,0.01862634496664088
joint_neural_hef_gte_finetuned,100,6,18,0.781117706180239,0.09791811409879177,0.7546930412642834,0.12973951767194833,0.8186079550033639,0.08512225305675238,0.9651999665639045,0.024883280540235544,0.8138641532105623,0.1117871907475507,0.04726118502090957,0.02077462815965863,0.0438403971042027,0.02047328643413493
joint_neural_hef_jina_finetuned,1,6,18,0.431240197616584,0.2593196232075197,0.3507505168577686,0.26540186383330017,0.7755763741003441,0.19266987559785853,0.6508021356875422,0.2948947033093725,0.3545921807380564,0.2832262381940042,0.24902123718107227,0.011838440393665378,0.39602286864115016,0.024497495795350238
joint_neural_hef_jina_finetuned,2,6,18,0.4725234499436913,0.26241230099388635,0.40584301230753356,0.2691299844889286,0.7837715338290484,0.20376610680488141,0.7011944432240094,0.2690941877635302,0.4079715826298803,0.28975975838816315,0.24550092695596243,0.014464284486724812,0.3991726056118652,0.019996920711019484
joint_neural_hef_jina_finetuned,3,6,18,0.4955444096872891,0.26173099893299306,0.42043383908925935,0.2706218939855339,0.7759793591685538,0.19648284202152086,0.7166835589827155,0.2838383754826728,0.4283797526968844,0.29084158382341524,0.23684546878282584,0.04165469823870526,0.3897009394025461,0.056678252679058266
joint_neural_hef_jina_finetuned,4,6,18,0.5361556449884287,0.2669317513045251,0.4577587807545084,0.2737726671012164,0.8072421592706147,0.18400996901803082,0.7451243203423036,0.27534195887311896,0.4707381995435228,0.29540581741147104,0.24074574519333436,0.0158554686631665,0.40085150691652316,0.019181585373348218
joint_neural_hef_jina_finetuned,5,6,18,0.5692424246495233,0.25974690500849507,0.49899723379392436,0.26951705922084895,0.7775069651448242,0.20313821951950062,0.7862880251348257,0.24665793578360468,0.5109556000776567,0.2894329522130638,0.23445823552251346,0.03773064842241472,0.3962733116427728,0.0489801258253021
joint_neural_hef_jina_finetuned,10,6,18,0.6875855436268765,0.20156259959514458,0.639319826184606,0.22106019603327146,0.8088722624680839,0.12606681177063153,0.867834866871654,0.17756233529822701,0.6410214201853436,0.24258061439105114,0.2043302868224933,0.0691034664973477,0.35930618478074117,0.10815638949982585
joint_neural_hef_jina_finetuned,15,6,18,0.6804342431147862,0.2090176802188208,0.6143302790240861,0.2295516322077867,0.8420084428169342,0.08379670026908544,0.8677613416435662,0.185556259203705,0.6189477832436914,0.2498890868875876,0.1990184025200109,0.07388739066713702,0.3465377351862316,0.11876357127926075
joint_neural_hef_jina_finetuned,20,6,18,0.6864396292999808,0.17692671073071875,0.638563913052561,0.19666873438754398,0.7810189869508246,0.12598608434661301,0.8858665054168222,0.11992143685303232,0.6330102081106168,0.2138647174004804,0.19865249680215613,0.07602849940718945,0.34601510705386807,0.11980430219089169
joint_neural_hef_jina_finetuned,25,6,18,0.7071359752461333,0.17505102083051435,0.6584238683454866,0.19391507445878545,0.8027835756277999,0.12009052911136434,0.8935989265593631,0.11263704691706679,0.6496716736144541,0.2153866796536108,0.19789874542228142,0.07978260884557328,0.3436373047153489,0.138823395109477
joint_neural_hef_jina_finetuned,30,6,18,0.762914643840966,0.10543756032390941,0.7143551666714673,0.1331166081299009,0.8252187621625554,0.07442438225580628,0.9254515564508302,0.04439315156649755,0.6974645200544609,0.1612841499847661,0.18918304990797674,0.07510789192163266,0.34099254444820765,0.1267837631929347
joint_neural_hef_jina_finetuned,35,6,18,0.7273102943473194,0.15395921054130352,0.6806115489053856,0.17028874812957054,0.8074940021030368,0.1005394782409069,0.9100029181688499,0.0820787840372865,0.6690734197320048,0.19648111540708668,0.17468214232485813,0.0793992486482727,0.31773060509298817,0.1290449941623432
joint_neural_hef_jina_finetuned,40,6,18,0.76922669185951,0.11953502766812214,0.7275785294553772,0.15526328385322824,0.8275302973301867,0.06985369759430778,0.9303496126947706,0.03998062929589859,0.7144440310192155,0.165895513315067,0.17200831114397433,0.0786858339676688,0.3140255433820762,0.14379299158442307
joint_neural_hef_jina_finetuned,45,6,18,0.7677865117014644,0.1163278538201852,0.7264592782303312,0.15203770346924794,0.8250937872132097,0.07446140289471419,0.9360020415487652,0.0352851058501604,0.7204073477938666,0.16130187610474114,0.14814616542447792,0.07218181021787483,0.2828452909031726,0.13790764390321167
joint_neural_hef_jina_finetuned,50,6,18,0.7641355842089231,0.11930338141802874,0.7320272205262967,0.14775462189367145,0.8103537982667885,0.09252260817568671,0.9341370230434483,0.038710682857089916,0.7238092916397829,0.15676346348789721,0.15387245339710195,0.08436785023880397,0.2823616449215596,0.15281605756293473
joint_neural_hef_jina_finetuned,55,6,18,0.7722155103109016,0.1379541678598521,0.7333774751296899,0.16428552020223325,0.8320446360022294,0.07169370538628886,0.9351000958473434,0.05285152922301952,0.7206544930720273,0.1840378574412701,0.1587881133069911,0.07275457103381999,0.3070926535104619,0.13740926261281902
joint_neural_hef_jina_finetuned,60,6,18,0.7931858489711939,0.09442355626041561,0.7470395754497159,0.12881111798295042,0.8519796294170424,0.05767642977276179,0.9433480289845056,0.03351448987185255,0.7500809032020263,0.14399646326281057,0.1460345835018392,0.0730546695172698,0.2874697838160709,0.13892420747895354
joint_neural_hef_jina_finetuned,65,6,18,0.7877547267989469,0.10208035135429655,0.7480839849706608,0.1379963675411992,0.8401321529441154,0.06388634045688685,0.9438472028551295,0.03155104839439714,0.7435919434830148,0.15301041022376524,0.14768989376661695,0.07279473666260397,0.28731829268065945,0.13883689586303863
joint_neural_hef_jina_finetuned,70,6,18,0.7733386577775762,0.1367642137771793,0.7355439567044,0.1701219272506393,0.8357046349789445,0.06929789631031703,0.9381888794161368,0.04392737954735768,0.7317824027644451,0.1872336472316705,0.14878804935322879,0.07548055995378565,0.2895482255930117,0.14001597366043103
joint_neural_hef_jina_finetuned,75,6,18,0.7978212966665087,0.08778230065837131,0.7586254974897606,0.12407593288675081,0.8489332050071021,0.059719876167122314,0.9454905131780891,0.029590268621234362,0.7559951528096355,0.13827925961747758,0.1355617225922676,0.074691607442789,0.2682310617928082,0.14871116445230934
joint_neural_hef_jina_finetuned,80,6,18,0.8062936205362545,0.08314085524771672,0.7716940720963305,0.11611734232496032,0.8508244323073875,0.058737491683173215,0.9531058590853997,0.025170526717702178,0.7760276806523629,0.12543477388452823,0.1019891389065017,0.07745704839000749,0.19641577589271134,0.15923035097254892
joint_neural_hef_jina_finetuned,85,6,18,0.7888698130132336,0.12534671242395543,0.7457977828006229,0.158710861950123,0.8529989374939657,0.06534653183034088,0.94528274831543,0.03758070961001874,0.7514059188518211,0.17158089979951396,0.11447052633744015,0.07795050992084498,0.2217454532608801,0.1580951594381483
joint_neural_hef_jina_finetuned,90,6,18,0.7887892553418334,0.1256657677653982,0.7470870668007504,0.15797306859372395,0.8470900947885706,0.06842262828624804,0.9445591233724673,0.03554398150789666,0.746200894811387,0.16997066823603174,0.1367900118508745,0.07301389539947346,0.2731883002645775,0.14315019224946396
joint_neural_hef_jina_finetuned,95,6,18,0.7938142402124793,0.115642870205623,0.7498015076527529,0.15182074775674456,0.8537633499863156,0.059224482587790485,0.9501784251844957,0.031072988964898417,0.7629855477685082,0.15454763187898293,0.1059652188147102,0.07329936579347476,0.20790886933233096,0.1497294690841957
joint_neural_hef_jina_finetuned,100,6,18,0.7913501494600061,0.11998005849034,0.7498557543521377,0.15388860359247625,0.8485033674050895,0.07208831758693784,0.9471023089673224,0.03358410249672522,0.7563511178121003,0.1633094765190389,0.10487951507673685,0.0778739840601469,0.20407865931116217,0.14534368326974204
joint_neural_hef_roberta_finetuned,1,6,18,0.3525449530976124,0.23281761491804567,0.26782738653216215,0.24729416313767538,0.7482435244148274,0.16861796736054502,0.7001924405491922,0.14644628548201874,0.2932631118497625,0.25012463287860565,0.15517828896116195,0.06174707349225067,0.2232969022685351,0.11989375584049439
joint_neural_hef_roberta_finetuned,2,6,18,0.42656822381962145,0.24545050670613397,0.35277723967721264,0.2591888511053174,0.6886117151692718,0.15515914200822267,0.7587140384450303,0.15425408804864996,0.38121934596495677,0.2875883230229171,0.1271742256587522,0.06451463210613287,0.17026109050567326,0.12062080273424514
joint_neural_hef_roberta_finetuned,3,6,18,0.48010297715243794,0.23386835537965184,0.40908822203133693,0.252114212929796,0.655253249060902,0.16291794803758375,0.8107616258592846,0.13223608427984182,0.4495756304386763,0.27867896104668166,0.12469615228407338,0.0669674690113302,0.15600740211721356,0.10460391017701878
joint_neural_hef_roberta_finetuned,4,6,18,0.5238286233160838,0.19798325787825868,0.45952674037495767,0.22284645794476557,0.6640075275454487,0.15832829445606644,0.8558218565775606,0.09311668863927201,0.49684513431138494,0.24641795776724562,0.10285802069740677,0.047361282101630514,0.1179296726803639,0.07436662915212112
joint_neural_hef_roberta_finetuned,5,6,18,0.540708637741264,0.1997593115236728,0.4779134326664895,0.22771258481730494,0.654165427617714,0.15576507151142557,0.8635610512022497,0.08723588031877656,0.5087773140246503,0.2493428511140255,0.11529794136919415,0.06878166848620514,0.12362853248927043,0.08501466437126122
joint_neural_hef_roberta_finetuned,10,6,18,0.6392803647512253,0.17357478436913248,0.5919418338668725,0.18914207647267947,0.7055697189267623,0.14942729523019238,0.9103748159017998,0.06969581262833456,0.6360775585475915,0.21561098714252824,0.08263680837588291,0.045833956677084266,0.0757671492387107,0.04603794327549626
joint_neural_hef_roberta_finetuned,15,6,18,0.6904390111310339,0.15432467206097714,0.646923094011987,0.17971767975180983,0.7512480847207276,0.11992261439242893,0.934880521196149,0.05397844257818879,0.7039474764257184,0.1949375740559176,0.07209196376310399,0.04272510320629729,0.06353571167251101,0.039536691362516065
joint_neural_hef_roberta_finetuned,20,6,18,0.7089799630119529,0.14659242006483472,0.6573008310281034,0.17346343024560162,0.7817169941775471,0.11609305499419224,0.9438276426824626,0.04448666242602254,0.7198652643652944,0.18273562355990253,0.06845522337464813,0.035295039292892676,0.06471986286954175,0.032770824881445906
joint_neural_hef_roberta_finetuned,25,6,18,0.7388412723894995,0.12684338925890165,0.702442423752003,0.15034106337964728,0.7853679250921064,0.10025298231968996,0.9515329583211916,0.03593941968633742,0.7525339842992044,0.15492211640034034,0.06009883210820326,0.03367032987409539,0.05628075729593084,0.03352370977892324
joint_neural_hef_roberta_finetuned,30,6,18,0.7459666116990538,0.12632291599852222,0.7004217411119511,0.16415837295519498,0.8090067671520964,0.08583741820754567,0.9539911180299421,0.03416071025918764,0.7661254776018934,0.15919813012480877,0.06246023665580766,0.03744582018631657,0.05855148227473953,0.03742077212943654
joint_neural_hef_roberta_finetuned,35,6,18,0.7601643394561782,0.11490102866687797,0.7260974046615802,0.13704112336634167,0.8041187496796263,0.10101326192429233,0.9558418927800195,0.03386395285563104,0.7851540896535198,0.1368362946139886,0.05314696967976978,0.026763898591857436,0.04850272212580792,0.024627794739925553
joint_neural_hef_roberta_finetuned,40,6,18,0.7793030098003184,0.1062911481303415,0.7553934843351393,0.11986200880162878,0.8092655619202729,0.10278398855306242,0.9607603843078317,0.025881328789852134,0.8042630733273176,0.12261661398828957,0.049821603089195074,0.02535535770580457,0.04732472100385569,0.025360763802892657
joint_neural_hef_roberta_finetuned,45,6,18,0.7719947930438515,0.11336533608724211,0.7429115356940917,0.14108032238702947,0.8092304718953276,0.09015925700137738,0.9606870096424365,0.02738745477062255,0.7967803045368486,0.13218547627872357,0.05324355841581941,0.028702688297250326,0.049866839431423005,0.027965796272851076
joint_neural_hef_roberta_finetuned,50,6,18,0.7798497258279536,0.10588598050062245,0.7446377096977571,0.1358702585546153,0.8249056143896595,0.08244513356038621,0.9662213641712494,0.02257745960699096,0.8141229030942909,0.11996808318913355,0.04980752821818071,0.026457852059177386,0.04662314080833185,0.02526933516576594
joint_neural_hef_roberta_finetuned,55,6,18,0.7813108445053439,0.10172116612510672,0.7461432464317128,0.13180230424543565,0.826076319329283,0.07221454541805362,0.965223920184093,0.021996618609307805,0.8105269889361191,0.12145699295757167,0.05137214771997275,0.026077929959658196,0.04842565893089993,0.025112250774712803
joint_neural_hef_roberta_finetuned,60,6,18,0.7855254908031482,0.10484057793625715,0.7539707736756701,0.12630630688939928,0.8239452544016657,0.08512438785836142,0.9673097797518907,0.02159177360371419,0.817802956012583,0.11750261901277544,0.04948288674925772,0.026605999084457543,0.04639430351484099,0.026020838050674035
joint_neural_hef_roberta_finetuned,65,6,18,0.7976608198509638,0.10310455411737769,0.7717201421082177,0.12371495221528254,0.8294036338652265,0.08881977849563322,0.9648015138811201,0.024222647666957718,0.8264135824774368,0.11259023636322932,0.045767161421702805,0.02419781078174253,0.04296434058721283,0.023562486061706134
joint_neural_hef_roberta_finetuned,70,6,18,0.799121537746684,0.09988639284090103,0.7678803477762556,0.1260801714712721,0.837671987604781,0.07497853799834929,0.9688768653892822,0.020799018491655566,0.8324066621481684,0.10661879980735882,0.04653217662682919,0.024977651651938135,0.04566642444260404,0.02583675270661376
joint_neural_hef_roberta_finetuned,75,6,18,0.8049236902602316,0.09713537709611794,0.7774725160043483,0.1196114300075982,0.838440597141672,0.08050956420501666,0.9725998655542376,0.01814332734786811,0.843519776428708,0.09902817592013145,0.04343461769286783,0.020626434177074215,0.039661282632329514,0.019377190884445568
joint_neural_hef_roberta_finetuned,80,6,18,0.8029395188303948,0.09789257971648335,0.7806266454301943,0.11845156544122053,0.829633629278598,0.0796206156546506,0.9708574530491489,0.020755346586124192,0.8392412657835174,0.10161864679805589,0.04245403296123575,0.02037523512463553,0.038615870469681415,0.019295828768639535
joint_neural_hef_roberta_finetuned,85,6,18,0.8121761016542361,0.09063972550643072,0.7895715408592088,0.1209574434876915,0.8409287962352671,0.06622728279674023,0.9727251383015579,0.01748932068538563,0.8511625225456114,0.09470635694127645,0.04209286080733709,0.019176866397836282,0.039337704447069084,0.01832160838113079
joint_neural_hef_roberta_finetuned,90,6,18,0.8130657670342795,0.09108259516397943,0.7855031438302812,0.12294974314581882,0.8475429126366464,0.06019421664947945,0.9747556967028413,0.01667826264235123,0.8544480991869362,0.09785461748414917,0.04348742579037041,0.02186075123344441,0.041790261967958924,0.021777802310542684
joint_neural_hef_roberta_finetuned,95,6,18,0.8124534337645903,0.09276933030681808,0.7922096533209569,0.12202478223033023,0.8388172902374657,0.07219168379174702,0.9730366682162692,0.018803985492566375,0.853155137350117,0.09996421213470216,0.04173738427946227,0.020143341076237473,0.03952421585185326,0.019753034179515776
joint_neural_hef_roberta_finetuned,100,6,18,0.8194711504152641,0.08454933140362843,0.8001982590447004,0.10180612779938002,0.8421189218035975,0.07320462638013665,0.9748702163034815,0.01658903969183145,0.8585805143764224,0.08949921416758926,0.0395598898475956,0.01820388620749936,0.03781210221168591,0.017702424603830393
official_ditto,1,6,18,0.2876358253982805,0.21302711711064182,0.2105267782854831,0.2250854511336574,0.7794637251000079,0.20906252741572723,0.6006569951249366,0.16319304851252422,0.23416087630604399,0.258167618245351,0.14204780726790112,0.09558469989032121,,
official_ditto,2,6,18,0.3058576690779134,0.24681871791889237,0.23037138446640315,0.26541758750342875,0.8031009744280533,0.1622977599071098,0.6123864400787296,0.17294286685343707,0.25678488011749545,0.29502682655680035,0.10027117712930082,0.03022350655530679,,
official_ditto,3,6,18,0.3253372549831303,0.25624239968499013,0.26638881546133414,0.27148544259545077,0.6615171285326558,0.2934797652703481,0.6430670903630273,0.17952921771472885,0.2825225324982123,0.30417595824260635,0.095023328150345,0.03152231875843597,,
official_ditto,4,6,18,0.3642081244541287,0.24782991077229213,0.3032451792446558,0.2724061243171462,0.7252156858108365,0.23921273703489576,0.6836585272485429,0.17789248856721168,0.3251889922089303,0.2972724256922725,0.09757870697293132,0.034537330223300876,,
official_ditto,5,6,18,0.3473040270963919,0.2545263918871096,0.27932774032871954,0.26784797554624784,0.7087526109887898,0.23485052528908118,0.6885307242719048,0.1690720724563831,0.3113027555462759,0.29930442680795455,0.09853985192392886,0.03844521396330992,,
official_ditto,10,6,18,0.5133735215691166,0.2429636824326815,0.46969991225548674,0.2730751487981502,0.6990140748489425,0.18976240193175611,0.8182619851861284,0.15669106479770342,0.5076072977176352,0.30053857687072083,0.0884545321226996,0.042465045083876315,,
official_ditto,15,6,18,0.5295165031762464,0.2544662697463359,0.46584979759292394,0.275485050973969,0.7441998691800493,0.16764616984013497,0.8305413838261264,0.15674236608213685,0.5350763150108644,0.31460974030902683,0.08175267847775596,0.03643614235121437,,
official_ditto,20,6,18,0.5859608354353486,0.2297541647548924,0.5375374754916217,0.26023421880266123,0.7098301724483458,0.13203264127376774,0.8704844978368109,0.1362728845803303,0.5984954923313891,0.2828209841428849,0.07642724800451078,0.035826980456665575,,
official_ditto,25,6,18,0.5594213013045087,0.2576966561878914,0.4963412466842925,0.2776249131123621,0.7792325051843807,0.16758563459703865,0.8374616604603995,0.1835068076601051,0.5616057404135903,0.3203503389437753,0.07297897345806524,0.035750620260731815,,
official_ditto,30,6,18,0.6353846166757326,0.22811300868885,0.5931023400607378,0.2531938161412443,0.7595871516024273,0.1193320405509269,0.8863403549738539,0.14401401107069695,0.6529544590972823,0.281097242626881,0.0681345887438882,0.034615415603433584,,
official_ditto,35,6,18,0.682731100774125,0.20290116247849657,0.6451336711671265,0.23551442506235062,0.7669886925586408,0.12490583229430853,0.9160915600433056,0.1133332971200207,0.7091638140169889,0.24583481906430826,0.06570233461348028,0.048141130647004995,,
official_ditto,40,6,18,0.7261829629497553,0.1328241092760176,0.6851091522129078,0.14448931596211453,0.7795653455542786,0.13013351040294743,0.9510793584188543,0.03806402657587742,0.765309349524586,0.1638219671476751,0.05437190539028354,0.024892676343189334,,
official_ditto,45,6,18,0.7503384740641119,0.11965795783736581,0.7285162948259463,0.14111203859502322,0.777851502683352,0.10089441324435315,0.9554912087981026,0.030055683448959924,0.7901311930051335,0.13305227882418696,0.05032625409734571,0.02231765610968005,,
official_ditto,50,6,18,0.7103041794452256,0.18050146321806923,0.6668837729390868,0.1963374401841906,0.8010745837100784,0.11241397360324563,0.9251472265927732,0.11817630983218358,0.7404487040681258,0.21296756573881645,0.05780223247311896,0.03153191969963391,,
official_ditto,55,6,18,0.757638021210036,0.11683723595759972,0.7304849958767784,0.13980442206647925,0.7920571364160579,0.09661103526747689,0.9591647066265403,0.029450914145412153,0.8031469818012136,0.129966084349961,0.04661021200340778,0.021387683111709802,,
official_ditto,60,6,18,0.7595136765562706,0.12763568874124578,0.7311359899061012,0.15058939362444435,0.7945606265484529,0.10850686678475362,0.9579082443134191,0.03179394751691829,0.8017204729721431,0.1414513750918685,0.0454493685044898,0.02272443628453379,,
official_ditto,65,6,18,0.7758578626792392,0.10581693229300825,0.7544108322592855,0.11460493218481466,0.8010960950502678,0.10321454804261278,0.9628808188835085,0.025601890037279376,0.820027086438217,0.11422663437129556,0.043463534854733234,0.020433857121241655,,
official_ditto,70,6,18,0.7779321755653064,0.10472400689492936,0.7561132660500947,0.12115292910901913,0.8041988031866295,0.0932829663183861,0.9642897226370845,0.02470804382225166,0.8302964056063734,0.10682471679720007,0.045249343992282136,0.02071318500836509,,
official_ditto,75,6,18,0.7763694590442116,0.11162834490925924,0.7516566444210401,0.14455274020638104,0.8087871367738731,0.07755277069165181,0.9638001870674062,0.024827892397263074,0.8311646988129197,0.10941531135536116,0.04326923314808728,0.019675905517059316,,
official_ditto,80,6,18,0.7926620516229466,0.10640112258716844,0.7708585447528323,0.1364874731111152,0.8214437436710522,0.08342309135839879,0.9693154928153562,0.023207925072896502,0.8483255413088762,0.1040778783906939,0.03887025162855989,0.018997106154686312,,
official_ditto,85,6,18,0.7812323362528271,0.10937020772329338,0.7648525525773834,0.12540631529437193,0.8022031591221859,0.10196803470216469,0.9666443881703102,0.02378529500133049,0.836215686553717,0.11168482394857784,0.042079519341250655,0.020911581663378538,,
official_ditto,90,6,18,0.7831483929862652,0.10220708552585388,0.762793746375866,0.12281391117033595,0.8108012418149749,0.09613365446748996,0.9700630133309515,0.020106119773618293,0.845073452814309,0.10057335860521006,0.03995844146772269,0.016758898481243727,,
official_ditto,95,6,18,0.798775499685355,0.10082162019855793,0.7731052589085918,0.12044653170275699,0.829534678107393,0.08594117675706461,0.9681379758057393,0.022857545039025276,0.8493854615246362,0.10190259400298857,0.038902189633893615,0.01885000377766487,,
official_ditto,100,6,18,0.8052419676075768,0.09334215339007847,0.7830637200357671,0.11071656420413012,0.8314652293574607,0.08170786046398466,0.972236342137081,0.018990214515256856,0.8608657243387238,0.09420523926425488,0.0365885740814278,0.01708727746792908,,
official_ditto_mixda,1,6,18,0.25515405433763205,0.16237756394693317,0.17133057848490152,0.16048575866361006,0.7626247629115311,0.23871806826190198,0.5810931467297507,0.12774856600917983,0.19837720499084943,0.2023515114424525,0.11152968320079447,0.024555197991190093,,
official_ditto_mixda,2,6,18,0.2833762190336761,0.21942813881243642,0.20443826564604514,0.2308117522309708,0.8002455838353855,0.21545723550799686,0.6046066729529378,0.15779431485317516,0.24076293759138676,0.2709921584150729,0.13536881550270705,0.07821504643083986,,
official_ditto_mixda,3,6,18,0.32022157778699384,0.2553352714091005,0.25885216106551157,0.26959136078577545,0.7654108502212364,0.26081321760147674,0.6412911598554416,0.17866977577214596,0.2796967860111885,0.3079482117718605,0.11719273521885225,0.07900212107049732,,
official_ditto_mixda,4,6,18,0.3388859526829324,0.2519533342475786,0.2687608650286223,0.2708221171691659,0.7619891291028672,0.23103406288674713,0.6627112023058072,0.17913750786949756,0.29509444315707106,0.2989461279681413,0.09844168660668424,0.03661195452631974,,
official_ditto_mixda,5,6,18,0.34165728131706474,0.2530229664292196,0.277891528761413,0.2713177538950232,0.7274696007712759,0.2277121832103728,0.6738512619464077,0.1709665562179626,0.3015181117701434,0.30040441335862533,0.11090033245347197,0.07865763367176393,,
official_ditto_mixda,10,6,18,0.4664381508675797,0.2558126608931535,0.39489533712561237,0.27582122689083327,0.7709675848474916,0.1742359627686424,0.7826972663778865,0.17318745074314876,0.4444966045983341,0.30726886246300844,0.09253101277838854,0.04912005239515268,,
official_ditto_mixda,15,6,18,0.5806457424257186,0.22046782104838467,0.522446888091848,0.24648172638062193,0.7141042485575242,0.153703886941313,0.8735748445969743,0.11950094546074114,0.5880639680038121,0.2746640585981844,0.07522975981924461,0.03275513277898629,,
official_ditto_mixda,20,6,18,0.5499229513133816,0.24279236617386316,0.4947706965313122,0.2634015602836506,0.7202338627805536,0.16084474570664514,0.8493490647205911,0.15121906217370484,0.5562930803375681,0.2920637606263471,0.07542163796491094,0.0350929248644978,,
official_ditto_mixda,25,6,18,0.5545253034285197,0.2548670743430771,0.5196692690500531,0.26133778332546914,0.66998908543889,0.2331719564419314,0.8534920329261412,0.145300347563397,0.5658048841269937,0.291532840042729,0.0724625604346477,0.03249227077304352,,
official_ditto_mixda,30,6,18,0.6942309188236485,0.1383987308395376,0.6467690797724343,0.16443211851440592,0.7572673000236426,0.10952753239811988,0.9404377244425778,0.03964614659245683,0.7226065585694909,0.17211641191652893,0.061069048128787745,0.026650475952860214,,
official_ditto_mixda,35,6,18,0.701352129921341,0.16243594862119362,0.6667477457017325,0.1700432418522635,0.7435738480389452,0.15799286989426684,0.9375556729857248,0.0591869950787511,0.7390933107508285,0.19123455409871284,0.05672378014784033,0.02645103399921761,,
official_ditto_mixda,40,6,18,0.7068698600546647,0.17276321942609657,0.6684629308151513,0.1883610900337302,0.7903878311362088,0.12120171836677343,0.9285016757956844,0.11315027585241363,0.7447671574146096,0.20706557079734283,0.06167703996555444,0.030009973496695274,,
official_ditto_mixda,45,6,18,0.690907460803186,0.16709784835381908,0.6461731627228153,0.1935160388007154,0.7778299403222354,0.09867512284643372,0.9301377540371353,0.08655105021350724,0.7259134901362965,0.19892728469336607,0.0558445232378585,0.022419233265518927,,
official_ditto_mixda,50,6,18,0.7630989971396455,0.11405707972565804,0.7368731504638172,0.13535558786213203,0.7963760110014113,0.09975759335130949,0.960710387792275,0.024882309404403887,0.8169852186603234,0.1109730504040716,0.045054701115384135,0.019668871438001046,,
official_ditto_mixda,55,6,18,0.7345870934854326,0.1736537917266712,0.7063101508684562,0.19815604695923683,0.80567885655987,0.10990179307697709,0.9472423662351213,0.06432150069544793,0.781244827198471,0.18604254026642092,0.04629768801254646,0.021418346275102466,,
official_ditto_mixda,60,6,18,0.7829760124676322,0.10570329987801504,0.7569782713120395,0.12768102934263295,0.8150461798152325,0.08951930364312716,0.963715274496382,0.02430561151999336,0.8305055434894725,0.10948585782185905,0.041216840497747716,0.01818551144578442,,
official_ditto_mixda,65,6,18,0.7739388666799802,0.10025439611973076,0.7471912030852471,0.12233736382581735,0.8065282996315745,0.08299305998412897,0.9623935503108102,0.023639060965037432,0.8262654112052992,0.09717464960951827,0.04214930183878244,0.016965508558014184,,
official_ditto_mixda,70,6,18,0.7874115443015732,0.10892813719535642,0.7660425890519059,0.14156743540248976,0.8177272882706758,0.08246572932516942,0.9661206164533975,0.022123592224616306,0.8353971580971871,0.1104216652530458,0.04130807429764719,0.020811999352365104,,
official_ditto_mixda,75,6,18,0.7774246177776389,0.10229962528739298,0.7605425781720722,0.1244027290220095,0.7995547548422944,0.09029361355602263,0.9635114061742952,0.02368519875149544,0.8316660647089327,0.10013160867089994,0.04110593158969842,0.016298073618102267,,
official_ditto_mixda,80,6,18,0.7898953838627718,0.11466663698539661,0.7728298891413362,0.1354026224220541,0.811767942156409,0.10141532130145209,0.9660028416127546,0.02420402085558281,0.8364082701285289,0.1070853874807999,0.04022072603160252,0.02140730283765848,,
official_ditto_mixda,85,6,18,0.799539025011143,0.0937438250671109,0.7807284383609792,0.11867277090169086,0.823073563769256,0.07528636137192976,0.9709061645568484,0.018413967700125683,0.8526854248651929,0.08800723780317342,0.03817337216935635,0.01546702230836102,,
official_ditto_mixda,90,6,18,0.7967786978303585,0.09967857921843098,0.7692597806291107,0.13499081011063774,0.8335208387764016,0.07125499972192795,0.9692208329666853,0.021120651737801477,0.8429102349106616,0.10785922469144356,0.039517814975059476,0.019776326856015124,,
official_ditto_mixda,95,6,18,0.7946533026481397,0.09677836598671624,0.7755112584859555,0.11787936234297669,0.8198265493414646,0.09000945643271967,0.9702085646262015,0.019405645992871538,0.8507173054899093,0.09269458502178575,0.0383049929019088,0.017501295504803074,,
official_ditto_mixda,100,6,18,0.8075605709004613,0.09348963571271518,0.7780972631670479,0.11441113832390519,0.842811116275308,0.07658901529964335,0.9709849114177045,0.01811120307480779,0.8534598095841175,0.0816994140554268,0.03708835064243282,0.016664732862054867,,
